{"reservoir_size": 1000, "spectral_radius": 0.983840747062616, "noise_rc": 0.0, "leak_rate": 0.04184424092774373, "seed": 1234, "warmup": 800, "ridge": 2.6261903269353382e-05, "rc_connectivity": 0.1, "input_connectivity": 0.1}