{"reservoir_size": 1000, "spectral_radius": 0.3928603513821742, "noise_rc": 0.0, "leak_rate": 0.03124492696513704, "seed": 1234, "warmup": 800, "ridge": 2.0651543729398773e-06, "rc_connectivity": 0.0035577712755583183, "input_connectivity": 0.2}