{"reservoir_size": 1000, "spectral_radius": 0.8413792020860277, "noise_rc": 0.0, "leak_rate": 0.08825030205705035, "seed": 1234, "warmup": 800, "ridge": 1.4899439047791727e-05, "rc_connectivity": 0.1, "input_connectivity": 0.1}