{"reservoir_size": 1000, "spectral_radius": 1.14460676001149, "noise_rc": 0.0, "leak_rate": 0.0545012270871135, "seed": 1234, "warmup": 800, "ridge": 1.2409282994739765e-05, "rc_connectivity": 0.1, "input_connectivity": 0.1}