{"reservoir_size": 1000, "spectral_radius": 1.0656010361859096, "noise_rc": 0.0, "leak_rate": 0.04006366626183963, "seed": 1234, "warmup": 800, "ridge": 2.2166391668734524e-06, "rc_connectivity": 0.0013468673797552384, "input_connectivity": 0.2}