{"reservoir_size": 1000, "spectral_radius": 0.349794531429826, "noise_rc": 0.0, "leak_rate": 0.01777981843938024, "seed": 1234, "warmup": 800, "ridge": 3.1558844001701446e-05, "rc_connectivity": 0.0024539961915765146, "input_connectivity": 0.2}