{"reservoir_size": 1000, "spectral_radius": 1.129993956971386, "noise_rc": 0.0, "leak_rate": 0.052983978186449565, "seed": 1234, "warmup": 800, "ridge": 2.4548008843966378e-05, "rc_connectivity": 0.1, "input_connectivity": 0.1}