{"reservoir_size": 1000, "spectral_radius": 1.0756194353553836, "noise_rc": 0.0, "leak_rate": 0.05571578862648902, "seed": 1234, "warmup": 800, "ridge": 1.8671767481804168e-05, "rc_connectivity": 0.1, "input_connectivity": 0.1}