{"reservoir_size": 1000, "spectral_radius": 1.04299174609183, "noise_rc": 0.0, "leak_rate": 0.0450057366917222, "seed": 1234, "warmup": 800, "ridge": 1.3471946432034403e-05, "rc_connectivity": 0.1, "input_connectivity": 0.1}