{"reservoir_size": 1000, "spectral_radius": 1.0911376127535024, "noise_rc": 0.0, "leak_rate": 0.04387233123733445, "seed": 1234, "warmup": 800, "ridge": 1.2558336422917992e-05, "rc_connectivity": 0.1, "input_connectivity": 0.1}