{"reservoir_size": 1000, "spectral_radius": 0.9726649818062614, "noise_rc": 0.0, "leak_rate": 0.05473083842743613, "seed": 1234, "warmup": 800, "ridge": 2.8113348139259943e-05, "rc_connectivity": 0.1, "input_connectivity": 0.1}