{"reservoir_size": 1000, "spectral_radius": 0.9558173644277234, "noise_rc": 0.0, "leak_rate": 0.04772786504392252, "seed": 1234, "warmup": 800, "ridge": 3.266480720953767e-05, "rc_connectivity": 0.1, "input_connectivity": 0.1}