{"reservoir_size": 1000, "spectral_radius": 0.30205942529223845, "noise_rc": 0.0, "leak_rate": 0.20690806661705022, "seed": 1234, "warmup": 800, "ridge": 1.9983502428757885e-05, "rc_connectivity": 0.16851521582450776, "input_connectivity": 0.2}