{"reservoir_size": 1000, "spectral_radius": 1.0680273049280824, "noise_rc": 0.0, "leak_rate": 0.056506002928885156, "seed": 1234, "warmup": 800, "ridge": 1.6663782562142216e-05, "rc_connectivity": 0.1, "input_connectivity": 0.1}