{"reservoir_size": 1000, "spectral_radius": 1.1175717929931352, "noise_rc": 0.0, "leak_rate": 0.06721350932462472, "seed": 1234, "warmup": 800, "ridge": 2.0652969974958743e-05, "rc_connectivity": 0.1, "input_connectivity": 0.1}