{"reservoir_size": 1000, "spectral_radius": 1.0280471809206724, "noise_rc": 0.0, "leak_rate": 0.04712163833013043, "seed": 1234, "warmup": 800, "ridge": 0.0005448632199674923, "rc_connectivity": 0.1, "input_connectivity": 0.1}