{"reservoir_size": 1000, "spectral_radius": 0.9674269504864098, "noise_rc": 0.0, "leak_rate": 0.08272294751017943, "seed": 1234, "warmup": 800, "ridge": 0.0001159827674625996, "rc_connectivity": 0.1, "input_connectivity": 0.1}