{"reservoir_size": 1000, "spectral_radius": 1.037080749117254, "noise_rc": 0.0, "leak_rate": 0.06528577752028601, "seed": 1234, "warmup": 800, "ridge": 1.7160239055816292e-05, "rc_connectivity": 0.1, "input_connectivity": 0.1}