{"reservoir_size": 1000, "spectral_radius": 1.0937059133745022, "noise_rc": 0.0, "leak_rate": 0.06164257259406989, "seed": 1234, "warmup": 800, "ridge": 1.615787192134307e-05, "rc_connectivity": 0.1, "input_connectivity": 0.1}