{"reservoir_size": 1000, "spectral_radius": 1.1064541249849706, "noise_rc": 0.0, "leak_rate": 0.05488503250854052, "seed": 1234, "warmup": 800, "ridge": 1.5998106704680216e-05, "rc_connectivity": 0.1, "input_connectivity": 0.1}