{"reservoir_size": 1000, "spectral_radius": 0.9780680608603044, "noise_rc": 0.0, "leak_rate": 0.047603609663254734, "seed": 1234, "warmup": 800, "ridge": 4.175912528727974e-05, "rc_connectivity": 0.1, "input_connectivity": 0.1}