{"reservoir_size": 1000, "spectral_radius": 0.32340053338022784, "noise_rc": 0.0, "leak_rate": 0.02584515002017994, "seed": 1234, "warmup": 800, "ridge": 2.4812538052773477e-06, "rc_connectivity": 0.004849706256949394, "input_connectivity": 0.2}