{"reservoir_size": 1000, "spectral_radius": 0.5992288887219253, "noise_rc": 0.0, "leak_rate": 0.06928454264996163, "seed": 1234, "warmup": 800, "ridge": 1.548522898867863e-06, "rc_connectivity": 0.008776483100562324, "input_connectivity": 0.2}