{"reservoir_size": 1000, "spectral_radius": 1.0019653221721772, "noise_rc": 0.0, "leak_rate": 0.057825847472483635, "seed": 1234, "warmup": 800, "ridge": 1.9063119101905225e-05, "rc_connectivity": 0.1, "input_connectivity": 0.1}