{"reservoir_size": 1000, "spectral_radius": 1.1290678911874332, "noise_rc": 0.0, "leak_rate": 0.1499097500162491, "seed": 1234, "warmup": 800, "ridge": 4.966545264333937e-06, "rc_connectivity": 0.8604687438118569, "input_connectivity": 0.2}