{"reservoir_size": 1000, "spectral_radius": 1.116727218335738, "noise_rc": 0.0, "leak_rate": 0.04642262371658087, "seed": 1234, "warmup": 800, "ridge": 1.007455835925186e-05, "rc_connectivity": 0.1, "input_connectivity": 0.1}