{"reservoir_size": 1000, "spectral_radius": 0.9713197675997522, "noise_rc": 0.0, "leak_rate": 0.05203831859685986, "seed": 1234, "warmup": 800, "ridge": 2.2673498540526483e-05, "rc_connectivity": 0.1, "input_connectivity": 0.1}