{"reservoir_size": 1000, "spectral_radius": 1.071133630857562, "noise_rc": 0.0, "leak_rate": 0.0018769442270798323, "seed": 1234, "warmup": 800, "ridge": 1.8700803389290617e-05, "rc_connectivity": 0.1, "input_connectivity": 0.1}