{"reservoir_size": 1000, "spectral_radius": 1.011029429101682, "noise_rc": 0.0, "leak_rate": 0.05248676780661831, "seed": 1234, "warmup": 800, "ridge": 8.896674395056763e-05, "rc_connectivity": 0.1, "input_connectivity": 0.1}