{"reservoir_size": 1000, "spectral_radius": 0.9448191100609188, "noise_rc": 0.0, "leak_rate": 0.07772138506304614, "seed": 1234, "warmup": 800, "ridge": 1.052893564307468e-05, "rc_connectivity": 0.0019946003262879645, "input_connectivity": 0.2}