{"reservoir_size": 1000, "spectral_radius": 0.9891694427716831, "noise_rc": 0.0, "leak_rate": 0.053475701572338004, "seed": 1234, "warmup": 800, "ridge": 1.8153601221071477e-05, "rc_connectivity": 0.1, "input_connectivity": 0.1}