{"reservoir_size": 1000, "spectral_radius": 1.0388265227220743, "noise_rc": 0.0, "leak_rate": 0.03621168751057907, "seed": 1234, "warmup": 800, "ridge": 1.473546075903448e-05, "rc_connectivity": 0.1, "input_connectivity": 0.1}