{"reservoir_size": 1000, "spectral_radius": 1.1264851449640043, "noise_rc": 0.0, "leak_rate": 0.04999587038623482, "seed": 1234, "warmup": 800, "ridge": 1.4389243590005162e-05, "rc_connectivity": 0.1, "input_connectivity": 0.1}