{"reservoir_size": 1000, "spectral_radius": 0.9928412669042911, "noise_rc": 0.0, "leak_rate": 0.05511370448217166, "seed": 1234, "warmup": 800, "ridge": 6.152256468048274e-05, "rc_connectivity": 0.1, "input_connectivity": 0.1}