{"reservoir_size": 1000, "spectral_radius": 1.119815661885049, "noise_rc": 0.0, "leak_rate": 0.041564848347391777, "seed": 1234, "warmup": 800, "ridge": 1.2125010824344046e-05, "rc_connectivity": 0.1, "input_connectivity": 0.1}