{"reservoir_size": 1000, "spectral_radius": 1.0695504098898998, "noise_rc": 0.0, "leak_rate": 0.05508846381753135, "seed": 1234, "warmup": 800, "ridge": 4.721079933561256e-05, "rc_connectivity": 0.1, "input_connectivity": 0.1}