{"reservoir_size": 1000, "spectral_radius": 0.9358585397332662, "noise_rc": 0.0, "leak_rate": 0.052418606991245925, "seed": 1234, "warmup": 800, "ridge": 0.21293532937888401, "rc_connectivity": 0.1, "input_connectivity": 0.1}