{"reservoir_size": 1000, "spectral_radius": 0.9227945311646749, "noise_rc": 0.0, "leak_rate": 0.04728089358997532, "seed": 1234, "warmup": 800, "ridge": 3.377457499570275e-05, "rc_connectivity": 0.1, "input_connectivity": 0.1}