{"reservoir_size": 1000, "spectral_radius": 1.0296267934119014, "noise_rc": 0.0, "leak_rate": 0.009493375291042588, "seed": 1234, "warmup": 800, "ridge": 8.432469792651636e-05, "rc_connectivity": 0.1, "input_connectivity": 0.1}