{"reservoir_size": 1000, "spectral_radius": 1.0311129160575117, "noise_rc": 0.0, "leak_rate": 0.004606489460936059, "seed": 1234, "warmup": 800, "ridge": 1.2223844853134483e-05, "rc_connectivity": 0.1, "input_connectivity": 0.1}