{"reservoir_size": 1000, "spectral_radius": 1.1609758842756028, "noise_rc": 0.0, "leak_rate": 0.04887539285822473, "seed": 1234, "warmup": 800, "ridge": 0.0022256283100950376, "rc_connectivity": 0.1, "input_connectivity": 0.1}