{"reservoir_size": 1000, "spectral_radius": 1.2145180793342336, "noise_rc": 0.0, "leak_rate": 0.0796036891567795, "seed": 1234, "warmup": 800, "ridge": 1.9534567115902633e-05, "rc_connectivity": 0.1, "input_connectivity": 0.1}