{"reservoir_size": 1000, "spectral_radius": 1.1210642249418588, "noise_rc": 0.0, "leak_rate": 0.046075015799609445, "seed": 1234, "warmup": 800, "ridge": 0.00011443972341216297, "rc_connectivity": 0.1, "input_connectivity": 0.1}