{"reservoir_size": 1000, "spectral_radius": 1.1522569486946275, "noise_rc": 0.0, "leak_rate": 0.031613621901349115, "seed": 1234, "warmup": 800, "ridge": 9.06532915122816e-05, "rc_connectivity": 0.0035085566395040377, "input_connectivity": 0.2}