{"reservoir_size": 1000, "spectral_radius": 1.0049144565319745, "noise_rc": 0.0, "leak_rate": 0.03401441975397555, "seed": 1234, "warmup": 800, "ridge": 6.944725929413849e-05, "rc_connectivity": 0.1, "input_connectivity": 0.1}