{"reservoir_size": 1000, "spectral_radius": 0.9902077927188301, "noise_rc": 0.0, "leak_rate": 0.0003523942163221795, "seed": 1234, "warmup": 800, "ridge": 5.703521217057391e-05, "rc_connectivity": 0.1, "input_connectivity": 0.1}