{"reservoir_size": 1000, "spectral_radius": 1.0303838756644759, "noise_rc": 0.0, "leak_rate": 0.03599139221358588, "seed": 1234, "warmup": 800, "ridge": 1.5253232048671757e-05, "rc_connectivity": 0.1, "input_connectivity": 0.1}