{"reservoir_size": 1000, "spectral_radius": 1.118929920753862, "noise_rc": 0.0, "leak_rate": 0.02005717032845003, "seed": 1234, "warmup": 800, "ridge": 0.11482499163251896, "rc_connectivity": 0.1, "input_connectivity": 0.1}