{"reservoir_size": 1000, "spectral_radius": 0.9351243426754192, "noise_rc": 0.0, "leak_rate": 0.05538352258004907, "seed": 1234, "warmup": 800, "ridge": 2.7200946859757108e-05, "rc_connectivity": 0.1, "input_connectivity": 0.1}