{"reservoir_size": 1000, "spectral_radius": 1.040968984933544, "noise_rc": 0.0, "leak_rate": 0.07177041739859379, "seed": 1234, "warmup": 800, "ridge": 3.134554481149394e-05, "rc_connectivity": 0.1, "input_connectivity": 0.1}