{"reservoir_size": 1000, "spectral_radius": 1.0080968643423012, "noise_rc": 0.0, "leak_rate": 0.0657531658464347, "seed": 1234, "warmup": 800, "ridge": 1.7126009056571297e-05, "rc_connectivity": 0.1, "input_connectivity": 0.1}