{"reservoir_size": 1000, "spectral_radius": 0.9707801563828898, "noise_rc": 0.0, "leak_rate": 0.048919496503793104, "seed": 1234, "warmup": 800, "ridge": 1.762110716590159e-05, "rc_connectivity": 0.1, "input_connectivity": 0.1}