{"reservoir_size": 1000, "spectral_radius": 0.9494242485743538, "noise_rc": 0.0, "leak_rate": 0.06119598638912973, "seed": 1234, "warmup": 800, "ridge": 1.7857507273745025e-05, "rc_connectivity": 0.1, "input_connectivity": 0.1}