{"reservoir_size": 1000, "spectral_radius": 1.0070387080552572, "noise_rc": 0.0, "leak_rate": 0.05192528317544863, "seed": 1234, "warmup": 800, "ridge": 0.005596328868775952, "rc_connectivity": 0.1, "input_connectivity": 0.1}