{"reservoir_size": 1000, "spectral_radius": 0.9966385489995665, "noise_rc": 0.0, "leak_rate": 0.04300336332058936, "seed": 1234, "warmup": 800, "ridge": 1.2187970755620081e-05, "rc_connectivity": 0.1, "input_connectivity": 0.1}