{"reservoir_size": 1000, "spectral_radius": 1.0000238815399503, "noise_rc": 0.0, "leak_rate": 0.0430995443871395, "seed": 1234, "warmup": 800, "ridge": 1.0131627951305675e-05, "rc_connectivity": 0.1, "input_connectivity": 0.1}