{"reservoir_size": 1000, "spectral_radius": 1.150796109061695, "noise_rc": 0.0, "leak_rate": 0.05924517592746663, "seed": 1234, "warmup": 800, "ridge": 1.4718873544398077e-05, "rc_connectivity": 0.1, "input_connectivity": 0.1}