{"reservoir_size": 1000, "spectral_radius": 0.5596421887398141, "noise_rc": 0.0, "leak_rate": 0.10981811258810166, "seed": 1234, "warmup": 800, "ridge": 1.6848218356284756e-06, "rc_connectivity": 0.0037655727586620173, "input_connectivity": 0.2}