{"reservoir_size": 1000, "spectral_radius": 0.9648627893756073, "noise_rc": 0.0, "leak_rate": 0.035045653340941556, "seed": 1234, "warmup": 800, "ridge": 2.541312667616044e-05, "rc_connectivity": 0.1, "input_connectivity": 0.1}