{"reservoir_size": 1000, "spectral_radius": 1.004924896654967, "noise_rc": 0.0, "leak_rate": 0.03644990185174973, "seed": 1234, "warmup": 800, "ridge": 1.6854672148692087e-05, "rc_connectivity": 0.1, "input_connectivity": 0.1}