{"reservoir_size": 1000, "spectral_radius": 0.9912629415261045, "noise_rc": 0.0, "leak_rate": 0.06376293203009419, "seed": 1234, "warmup": 800, "ridge": 1.5261513260225044e-05, "rc_connectivity": 0.1, "input_connectivity": 0.1}