{"reservoir_size": 1000, "spectral_radius": 1.0407553964426142, "noise_rc": 0.0, "leak_rate": 0.04374444206736585, "seed": 1234, "warmup": 800, "ridge": 2.289060800582283e-05, "rc_connectivity": 0.1, "input_connectivity": 0.1}