{"reservoir_size": 1000, "spectral_radius": 0.9911406923264707, "noise_rc": 0.0, "leak_rate": 0.00562079939379815, "seed": 1234, "warmup": 800, "ridge": 5.1924168905057915e-05, "rc_connectivity": 0.1, "input_connectivity": 0.1}