{"reservoir_size": 1000, "spectral_radius": 1.0542897770184514, "noise_rc": 0.0, "leak_rate": 0.051472154079080436, "seed": 1234, "warmup": 800, "ridge": 1.3976541206798186e-05, "rc_connectivity": 0.1, "input_connectivity": 0.1}