{"reservoir_size": 1000, "spectral_radius": 1.0494927796851172, "noise_rc": 0.0, "leak_rate": 0.026719264506665417, "seed": 1234, "warmup": 800, "ridge": 1.2317646517153873e-05, "rc_connectivity": 0.1, "input_connectivity": 0.1}