{"reservoir_size": 1000, "spectral_radius": 0.9990843897210535, "noise_rc": 0.0, "leak_rate": 0.06255949428389306, "seed": 1234, "warmup": 800, "ridge": 1.226486033683862e-05, "rc_connectivity": 0.1, "input_connectivity": 0.1}