{"reservoir_size": 1000, "spectral_radius": 0.9900062914315423, "noise_rc": 0.0, "leak_rate": 0.008459855855026555, "seed": 1234, "warmup": 800, "ridge": 1.4929161644098831e-05, "rc_connectivity": 0.1, "input_connectivity": 0.1}