{"reservoir_size": 1000, "spectral_radius": 0.9409008419543086, "noise_rc": 0.0, "leak_rate": 0.06401302506161782, "seed": 1234, "warmup": 800, "ridge": 1.5851067537388887e-05, "rc_connectivity": 0.1, "input_connectivity": 0.1}