{"reservoir_size": 1000, "spectral_radius": 1.0103945619175212, "noise_rc": 0.0, "leak_rate": 0.05923844766228157, "seed": 1234, "warmup": 800, "ridge": 5.992933382447823e-05, "rc_connectivity": 0.1, "input_connectivity": 0.1}