{"reservoir_size": 1000, "spectral_radius": 1.0392666142085272, "noise_rc": 0.0, "leak_rate": 0.03828507336359559, "seed": 1234, "warmup": 800, "ridge": 1.2359015324358688e-05, "rc_connectivity": 0.1, "input_connectivity": 0.1}