{"reservoir_size": 1000, "spectral_radius": 0.9590510611445352, "noise_rc": 0.0, "leak_rate": 0.06825316681211503, "seed": 1234, "warmup": 800, "ridge": 1.2667379003733953e-05, "rc_connectivity": 0.1, "input_connectivity": 0.1}