{"reservoir_size": 1000, "spectral_radius": 1.0969828453499102, "noise_rc": 0.0, "leak_rate": 0.05573604198268463, "seed": 1234, "warmup": 800, "ridge": 1.4856299324477384e-05, "rc_connectivity": 0.1, "input_connectivity": 0.1}