{"reservoir_size": 1000, "spectral_radius": 1.0320283305793685, "noise_rc": 0.0, "leak_rate": 0.042281270948362114, "seed": 1234, "warmup": 800, "ridge": 1.2244029385507482e-05, "rc_connectivity": 0.1, "input_connectivity": 0.1}