{"reservoir_size": 1000, "spectral_radius": 1.018947737814155, "noise_rc": 0.0, "leak_rate": 0.0495092279449478, "seed": 1234, "warmup": 800, "ridge": 1.632021808068712e-05, "rc_connectivity": 0.1, "input_connectivity": 0.1}