{"reservoir_size": 1000, "spectral_radius": 1.0022758639745235, "noise_rc": 0.0, "leak_rate": 0.049363333624945015, "seed": 1234, "warmup": 800, "ridge": 1.4171469019945239e-05, "rc_connectivity": 0.1, "input_connectivity": 0.1}