{"reservoir_size": 1000, "spectral_radius": 1.0218869243434345, "noise_rc": 0.0, "leak_rate": 0.0659819461850143, "seed": 1234, "warmup": 800, "ridge": 0.0007391705453057913, "rc_connectivity": 0.1, "input_connectivity": 0.1}