{"reservoir_size": 1000, "spectral_radius": 1.013773768209675, "noise_rc": 0.0, "leak_rate": 0.04729589662969001, "seed": 1234, "warmup": 800, "ridge": 1.0203405128657254e-05, "rc_connectivity": 0.1, "input_connectivity": 0.1}