{"reservoir_size": 1000, "spectral_radius": 1.140617344551804, "noise_rc": 0.0, "leak_rate": 0.06941838842604658, "seed": 1234, "warmup": 800, "ridge": 1.2484376014976662e-05, "rc_connectivity": 0.1, "input_connectivity": 0.1}