{"reservoir_size": 1000, "spectral_radius": 1.0130057870386038, "noise_rc": 0.0, "leak_rate": 0.0422064441523652, "seed": 1234, "warmup": 800, "ridge": 0.032389655238645426, "rc_connectivity": 0.1, "input_connectivity": 0.1}