{"reservoir_size": 1000, "spectral_radius": 1.0336198448946134, "noise_rc": 0.0, "leak_rate": 0.04396553936332053, "seed": 1234, "warmup": 800, "ridge": 1.2222183586114063e-05, "rc_connectivity": 0.1, "input_connectivity": 0.1}