{"reservoir_size": 1000, "spectral_radius": 0.893203463419948, "noise_rc": 0.0, "leak_rate": 0.0408354900735586, "seed": 1234, "warmup": 800, "ridge": 4.005580161871904e-05, "rc_connectivity": 0.1, "input_connectivity": 0.1}