{"reservoir_size": 1000, "spectral_radius": 0.602363529386742, "noise_rc": 0.0, "leak_rate": 0.04619288420283074, "seed": 1234, "warmup": 800, "ridge": 0.00053685895967315, "rc_connectivity": 0.1, "input_connectivity": 0.1}