{"reservoir_size": 1000, "spectral_radius": 0.6322095823466244, "noise_rc": 0.0, "leak_rate": 0.03356398058270873, "seed": 1234, "warmup": 800, "ridge": 1.8580460277623644e-05, "rc_connectivity": 0.1, "input_connectivity": 0.1}