{"reservoir_size": 1000, "spectral_radius": 1.349094836074997, "noise_rc": 0.0, "leak_rate": 0.03553942911274671, "seed": 1234, "warmup": 800, "ridge": 0.00018205147691436252, "rc_connectivity": 0.004784504274871084, "input_connectivity": 0.2}