{"reservoir_size": 1000, "spectral_radius": 1.0057170649121527, "noise_rc": 0.0, "leak_rate": 0.051969678381223586, "seed": 1234, "warmup": 800, "ridge": 1.2104499727756352e-05, "rc_connectivity": 0.1, "input_connectivity": 0.1}