{"reservoir_size": 1000, "spectral_radius": 0.9965533551713861, "noise_rc": 0.0, "leak_rate": 0.05348953893459563, "seed": 1234, "warmup": 800, "ridge": 0.004152252928510135, "rc_connectivity": 0.1, "input_connectivity": 0.1}