{"reservoir_size": 1000, "spectral_radius": 1.019598559808174, "noise_rc": 0.0, "leak_rate": 0.06900362140082399, "seed": 1234, "warmup": 800, "ridge": 1.4358680649328892e-05, "rc_connectivity": 0.1, "input_connectivity": 0.1}