{"reservoir_size": 1000, "spectral_radius": 1.0487067965614831, "noise_rc": 0.0, "leak_rate": 0.00024643722151895624, "seed": 1234, "warmup": 800, "ridge": 4.287562723826116e-05, "rc_connectivity": 0.1, "input_connectivity": 0.1}