{"reservoir_size": 1000, "spectral_radius": 0.5404195585711797, "noise_rc": 0.0, "leak_rate": 0.09878428624198135, "seed": 1234, "warmup": 800, "ridge": 1.0912910549703084e-06, "rc_connectivity": 0.7049741196183903, "input_connectivity": 0.2}