{"reservoir_size": 1000, "spectral_radius": 0.967063662296382, "noise_rc": 0.0, "leak_rate": 0.056506207857585866, "seed": 1234, "warmup": 800, "ridge": 1.2538239827210631e-05, "rc_connectivity": 0.1, "input_connectivity": 0.1}