{"reservoir_size": 1000, "spectral_radius": 0.9663325851785262, "noise_rc": 0.0, "leak_rate": 0.04159730203245231, "seed": 1234, "warmup": 800, "ridge": 8.287648922199526e-05, "rc_connectivity": 0.1, "input_connectivity": 0.1}