{"reservoir_size": 1000, "spectral_radius": 0.9795161751785777, "noise_rc": 0.0, "leak_rate": 0.04876868448372028, "seed": 1234, "warmup": 800, "ridge": 1.0007420452457638e-05, "rc_connectivity": 0.1, "input_connectivity": 0.1}