{"reservoir_size": 1000, "spectral_radius": 1.0443420910436931, "noise_rc": 0.0, "leak_rate": 0.04545710205242614, "seed": 1234, "warmup": 800, "ridge": 1.2552470494188005e-05, "rc_connectivity": 0.1, "input_connectivity": 0.1}