{"reservoir_size": 1000, "spectral_radius": 0.9644478859852976, "noise_rc": 0.0, "leak_rate": 0.051421486652471676, "seed": 1234, "warmup": 800, "ridge": 4.6123423123999724e-05, "rc_connectivity": 0.1, "input_connectivity": 0.1}