{"reservoir_size": 1000, "spectral_radius": 1.0108210281948358, "noise_rc": 0.0, "leak_rate": 0.05188586526901322, "seed": 1234, "warmup": 800, "ridge": 1.225360573601357e-05, "rc_connectivity": 0.1, "input_connectivity": 0.1}