{"reservoir_size": 1000, "spectral_radius": 1.1200481496564352, "noise_rc": 0.0, "leak_rate": 0.03601183618412757, "seed": 1234, "warmup": 800, "ridge": 5.9658146937890265e-05, "rc_connectivity": 0.1, "input_connectivity": 0.1}