{"reservoir_size": 1000, "spectral_radius": 1.0939424803789042, "noise_rc": 0.0, "leak_rate": 0.03765046535075964, "seed": 1234, "warmup": 800, "ridge": 1.5276726529506902e-05, "rc_connectivity": 0.1, "input_connectivity": 0.1}