{"reservoir_size": 1000, "spectral_radius": 1.1333070473037998, "noise_rc": 0.0, "leak_rate": 0.07963350825335798, "seed": 1234, "warmup": 800, "ridge": 0.0013782306393841147, "rc_connectivity": 0.1, "input_connectivity": 0.1}