{"reservoir_size": 1000, "spectral_radius": 1.0211256915101343, "noise_rc": 0.0, "leak_rate": 0.05510840792827152, "seed": 1234, "warmup": 800, "ridge": 7.740991115525402e-05, "rc_connectivity": 0.1, "input_connectivity": 0.1}