{"reservoir_size": 1000, "spectral_radius": 0.9373653346905944, "noise_rc": 0.0, "leak_rate": 0.048285644168630716, "seed": 1234, "warmup": 800, "ridge": 1.6790120897093535e-05, "rc_connectivity": 0.1, "input_connectivity": 0.1}