{"reservoir_size": 1000, "spectral_radius": 1.5494132951171362, "noise_rc": 0.0, "leak_rate": 0.06978356379360898, "seed": 1234, "warmup": 800, "ridge": 2.9616172909239246e-05, "rc_connectivity": 0.0032388291325643236, "input_connectivity": 0.2}