{"reservoir_size": 1000, "spectral_radius": 0.9596152610191095, "noise_rc": 0.0, "leak_rate": 0.04909646051252932, "seed": 1234, "warmup": 800, "ridge": 1.006743866575268e-05, "rc_connectivity": 0.1, "input_connectivity": 0.1}