{"reservoir_size": 1000, "spectral_radius": 0.9777866805858302, "noise_rc": 0.0, "leak_rate": 0.048197104813022036, "seed": 1234, "warmup": 800, "ridge": 1.2297309776909114e-05, "rc_connectivity": 0.1, "input_connectivity": 0.1}