{"reservoir_size": 1000, "spectral_radius": 0.9074982944242359, "noise_rc": 0.0, "leak_rate": 0.000828865279397772, "seed": 1234, "warmup": 800, "ridge": 3.136158177136161e-05, "rc_connectivity": 0.1, "input_connectivity": 0.1}