{"reservoir_size": 1000, "spectral_radius": 1.0142987487888842, "noise_rc": 0.0, "leak_rate": 0.05578121622259531, "seed": 1234, "warmup": 800, "ridge": 1.4912628835599368e-05, "rc_connectivity": 0.1, "input_connectivity": 0.1}