{"reservoir_size": 1000, "spectral_radius": 0.6587781731196508, "noise_rc": 0.0, "leak_rate": 0.044505265429958384, "seed": 1234, "warmup": 800, "ridge": 3.1666189134713016e-05, "rc_connectivity": 0.1, "input_connectivity": 0.1}