{"reservoir_size": 1000, "spectral_radius": 0.9461263782273776, "noise_rc": 0.0, "leak_rate": 0.005359936098060397, "seed": 1234, "warmup": 800, "ridge": 0.015821781880809457, "rc_connectivity": 0.1, "input_connectivity": 0.1}