{"reservoir_size": 1000, "spectral_radius": 0.985282523590578, "noise_rc": 0.0, "leak_rate": 0.047158025197184775, "seed": 1234, "warmup": 800, "ridge": 1.2923363953969748e-05, "rc_connectivity": 0.1, "input_connectivity": 0.1}