{"reservoir_size": 1000, "spectral_radius": 0.721759620732146, "noise_rc": 0.0, "leak_rate": 0.03507093108836438, "seed": 1234, "warmup": 800, "ridge": 1.007986483108422e-05, "rc_connectivity": 0.1, "input_connectivity": 0.1}