{"reservoir_size": 1000, "spectral_radius": 1.0824703244607432, "noise_rc": 0.0, "leak_rate": 0.005364630204127212, "seed": 1234, "warmup": 800, "ridge": 1.0013409966221946e-05, "rc_connectivity": 0.1, "input_connectivity": 0.1}