{"reservoir_size": 1000, "spectral_radius": 0.6673807873213666, "noise_rc": 0.0, "leak_rate": 0.09131646451048382, "seed": 1234, "warmup": 800, "ridge": 4.406688211059053e-05, "rc_connectivity": 0.1, "input_connectivity": 0.1}