{"reservoir_size": 1000, "spectral_radius": 0.7432475217592196, "noise_rc": 0.0, "leak_rate": 0.059586654106049325, "seed": 1234, "warmup": 800, "ridge": 4.557182944743784e-05, "rc_connectivity": 0.1, "input_connectivity": 0.1}