{"reservoir_size": 1000, "spectral_radius": 1.1280781182506285, "noise_rc": 0.0, "leak_rate": 0.027270886980624773, "seed": 1234, "warmup": 800, "ridge": 7.528319969260344e-05, "rc_connectivity": 0.1, "input_connectivity": 0.1}