{"reservoir_size": 1000, "spectral_radius": 1.062152095928543, "noise_rc": 0.0, "leak_rate": 0.04576189925696967, "seed": 1234, "warmup": 800, "ridge": 2.541736082625534e-05, "rc_connectivity": 0.1, "input_connectivity": 0.1}