{"reservoir_size": 1000, "spectral_radius": 0.9827716982702173, "noise_rc": 0.0, "leak_rate": 0.04775678623730276, "seed": 1234, "warmup": 800, "ridge": 1.782005533219928e-05, "rc_connectivity": 0.1, "input_connectivity": 0.1}