{"reservoir_size": 1000, "spectral_radius": 1.168911383350363, "noise_rc": 0.0, "leak_rate": 0.03604570929849324, "seed": 1234, "warmup": 800, "ridge": 7.75030459888107e-05, "rc_connectivity": 0.1, "input_connectivity": 0.1}