{"reservoir_size": 1000, "spectral_radius": 1.0260087334223311, "noise_rc": 0.0, "leak_rate": 0.04272037959518402, "seed": 1234, "warmup": 800, "ridge": 1.137473594711745e-05, "rc_connectivity": 0.1, "input_connectivity": 0.1}