{"reservoir_size": 1000, "spectral_radius": 1.0087605684384129, "noise_rc": 0.0, "leak_rate": 0.04944916796196022, "seed": 1234, "warmup": 800, "ridge": 7.451195034378016e-05, "rc_connectivity": 0.1, "input_connectivity": 0.1}