{"reservoir_size": 1000, "spectral_radius": 1.0030531613474492, "noise_rc": 0.0, "leak_rate": 0.0456864449099042, "seed": 1234, "warmup": 800, "ridge": 0.005591609475547173, "rc_connectivity": 0.1, "input_connectivity": 0.1}