{"reservoir_size": 1000, "spectral_radius": 1.2495885984983985, "noise_rc": 0.0, "leak_rate": 0.04221413896475124, "seed": 1234, "warmup": 800, "ridge": 0.18252897211591354, "rc_connectivity": 0.1, "input_connectivity": 0.1}