{"reservoir_size": 1000, "spectral_radius": 0.9360418488210477, "noise_rc": 0.0, "leak_rate": 0.03670598492834839, "seed": 1234, "warmup": 800, "ridge": 2.2233136227412772e-05, "rc_connectivity": 0.1, "input_connectivity": 0.1}