{"reservoir_size": 1000, "spectral_radius": 1.0758438601074827, "noise_rc": 0.0, "leak_rate": 0.02965541423270749, "seed": 1234, "warmup": 800, "ridge": 1.5992139918939904e-05, "rc_connectivity": 0.1, "input_connectivity": 0.1}