{"reservoir_size": 1000, "spectral_radius": 0.8775203363271938, "noise_rc": 0.0, "leak_rate": 0.09845740778948221, "seed": 1234, "warmup": 800, "ridge": 1.2272086634026464e-05, "rc_connectivity": 0.1, "input_connectivity": 0.1}