{"reservoir_size": 1000, "spectral_radius": 0.3598501341941059, "noise_rc": 0.0, "leak_rate": 0.021355387561587124, "seed": 1234, "warmup": 800, "ridge": 6.050594036639148e-06, "rc_connectivity": 0.0025988721570558474, "input_connectivity": 0.2}