{"reservoir_size": 1000, "spectral_radius": 1.000927500868235, "noise_rc": 0.0, "leak_rate": 0.052908065966370994, "seed": 1234, "warmup": 800, "ridge": 4.5636536015594454e-05, "rc_connectivity": 0.1, "input_connectivity": 0.1}