{"reservoir_size": 1000, "spectral_radius": 1.0246639492423162, "noise_rc": 0.0, "leak_rate": 0.059734080932716455, "seed": 1234, "warmup": 800, "ridge": 2.7891875196883777e-05, "rc_connectivity": 0.1, "input_connectivity": 0.1}