{"reservoir_size": 1000, "spectral_radius": 1.069081034164538, "noise_rc": 0.0, "leak_rate": 0.003540677175178764, "seed": 1234, "warmup": 800, "ridge": 1.5352551713357564e-05, "rc_connectivity": 0.1, "input_connectivity": 0.1}