{"reservoir_size": 1000, "spectral_radius": 0.9940273809273645, "noise_rc": 0.0, "leak_rate": 0.0461213860146581, "seed": 1234, "warmup": 800, "ridge": 2.2000057638560513e-05, "rc_connectivity": 0.1, "input_connectivity": 0.1}