{"reservoir_size": 1000, "spectral_radius": 1.119894660286892, "noise_rc": 0.0, "leak_rate": 0.07723800360040062, "seed": 1234, "warmup": 800, "ridge": 1.230426628426787e-05, "rc_connectivity": 0.1, "input_connectivity": 0.1}