{"reservoir_size": 1000, "spectral_radius": 1.0244841693044637, "noise_rc": 0.0, "leak_rate": 0.031219524155552247, "seed": 1234, "warmup": 800, "ridge": 3.5279490614262826e-06, "rc_connectivity": 0.0011542930140634648, "input_connectivity": 0.2}