{"reservoir_size": 1000, "spectral_radius": 0.9519185866628916, "noise_rc": 0.0, "leak_rate": 0.05459255173588644, "seed": 1234, "warmup": 800, "ridge": 7.10623547734444e-05, "rc_connectivity": 0.1, "input_connectivity": 0.1}