{"reservoir_size": 1000, "spectral_radius": 0.9539910529378595, "noise_rc": 0.0, "leak_rate": 0.060743939534067024, "seed": 1234, "warmup": 800, "ridge": 1.88101627468881e-05, "rc_connectivity": 0.1, "input_connectivity": 0.1}