{"reservoir_size": 1000, "spectral_radius": 1.092159575850967, "noise_rc": 0.0, "leak_rate": 0.07189627299055865, "seed": 1234, "warmup": 800, "ridge": 1.019173570091017e-05, "rc_connectivity": 0.1, "input_connectivity": 0.1}