{"reservoir_size": 1000, "spectral_radius": 1.280861723498623, "noise_rc": 0.0, "leak_rate": 0.021884306619941413, "seed": 1234, "warmup": 800, "ridge": 3.904967660840011e-06, "rc_connectivity": 0.0012819941821234323, "input_connectivity": 0.2}