{"reservoir_size": 1000, "spectral_radius": 1.0354351777019135, "noise_rc": 0.0, "leak_rate": 0.0432144484633377, "seed": 1234, "warmup": 800, "ridge": 1.8942839221991907e-05, "rc_connectivity": 0.1, "input_connectivity": 0.1}