{"reservoir_size": 1000, "spectral_radius": 1.1399066776313498, "noise_rc": 0.0, "leak_rate": 0.052805043206356934, "seed": 1234, "warmup": 800, "ridge": 0.01773971514394778, "rc_connectivity": 0.1, "input_connectivity": 0.1}