{"reservoir_size": 1000, "spectral_radius": 0.9905803080585882, "noise_rc": 0.0, "leak_rate": 0.05039733763062898, "seed": 1234, "warmup": 800, "ridge": 1.4529169567240213e-05, "rc_connectivity": 0.1, "input_connectivity": 0.1}