{"reservoir_size": 1000, "spectral_radius": 1.0788937421274736, "noise_rc": 0.0, "leak_rate": 0.05653247291902049, "seed": 1234, "warmup": 800, "ridge": 1.6745235080901166e-05, "rc_connectivity": 0.1, "input_connectivity": 0.1}