{"reservoir_size": 1000, "spectral_radius": 1.0425184124321785, "noise_rc": 0.0, "leak_rate": 0.04582440377839835, "seed": 1234, "warmup": 800, "ridge": 9.981071945176477e-05, "rc_connectivity": 0.1, "input_connectivity": 0.1}