{"reservoir_size": 1000, "spectral_radius": 1.7906111587552755, "noise_rc": 0.0, "leak_rate": 0.08565472852322913, "seed": 1234, "warmup": 800, "ridge": 1.2572572569648087e-05, "rc_connectivity": 0.1, "input_connectivity": 0.1}