{"reservoir_size": 1000, "spectral_radius": 1.0261664078313697, "noise_rc": 0.0, "leak_rate": 0.052940356206570546, "seed": 1234, "warmup": 800, "ridge": 7.722676011191197e-05, "rc_connectivity": 0.1, "input_connectivity": 0.1}