{"reservoir_size": 1000, "spectral_radius": 1.0384795345337705, "noise_rc": 0.0, "leak_rate": 0.031080933113223613, "seed": 1234, "warmup": 800, "ridge": 1.2527198275581489e-05, "rc_connectivity": 0.1, "input_connectivity": 0.1}