{"reservoir_size": 1000, "spectral_radius": 0.7051580281817724, "noise_rc": 0.0, "leak_rate": 0.004138949291344948, "seed": 1234, "warmup": 800, "ridge": 2.0991986494659035e-05, "rc_connectivity": 0.1, "input_connectivity": 0.1}