{"reservoir_size": 1000, "spectral_radius": 1.0635776952358158, "noise_rc": 0.0, "leak_rate": 0.0652789737050847, "seed": 1234, "warmup": 800, "ridge": 1.5910336531361682e-05, "rc_connectivity": 0.1, "input_connectivity": 0.1}