{"reservoir_size": 1000, "spectral_radius": 0.9333272501719069, "noise_rc": 0.0, "leak_rate": 0.04743644153538839, "seed": 1234, "warmup": 800, "ridge": 3.4264267312404494e-05, "rc_connectivity": 0.1, "input_connectivity": 0.1}