{"reservoir_size": 1000, "spectral_radius": 0.9757113074231631, "noise_rc": 0.0, "leak_rate": 0.03542254871548708, "seed": 1234, "warmup": 800, "ridge": 3.078530795175363e-05, "rc_connectivity": 0.1, "input_connectivity": 0.1}