{"reservoir_size": 1000, "spectral_radius": 1.1591981723529778, "noise_rc": 0.0, "leak_rate": 0.03720085287112679, "seed": 1234, "warmup": 800, "ridge": 6.6119178324265e-06, "rc_connectivity": 0.0013693491596856347, "input_connectivity": 0.2}