{"reservoir_size": 1000, "spectral_radius": 1.0034335069648765, "noise_rc": 0.0, "leak_rate": 0.047342283869238375, "seed": 1234, "warmup": 800, "ridge": 3.505245120683576e-05, "rc_connectivity": 0.1, "input_connectivity": 0.1}