{"reservoir_size": 1000, "spectral_radius": 0.6634803065822105, "noise_rc": 0.0, "leak_rate": 0.0039738178189254215, "seed": 1234, "warmup": 800, "ridge": 0.0002883806149299595, "rc_connectivity": 0.029840399092008668, "input_connectivity": 0.2}