{"reservoir_size": 1000, "spectral_radius": 0.9645855102063365, "noise_rc": 0.0, "leak_rate": 0.02275875900935648, "seed": 1234, "warmup": 800, "ridge": 0.0003253110064428965, "rc_connectivity": 0.1, "input_connectivity": 0.1}