{"reservoir_size": 1000, "spectral_radius": 0.9418276223014987, "noise_rc": 0.0, "leak_rate": 0.04378061146235291, "seed": 1234, "warmup": 800, "ridge": 2.5754253986233454e-05, "rc_connectivity": 0.1, "input_connectivity": 0.1}