{"reservoir_size": 1000, "spectral_radius": 1.049176911339971, "noise_rc": 0.0, "leak_rate": 0.06162572447179722, "seed": 1234, "warmup": 800, "ridge": 1.7842084783792894e-05, "rc_connectivity": 0.1, "input_connectivity": 0.1}