{"reservoir_size": 1000, "spectral_radius": 1.0201560384558803, "noise_rc": 0.0, "leak_rate": 0.001925648596344863, "seed": 1234, "warmup": 800, "ridge": 1.4507589721611034e-05, "rc_connectivity": 0.1, "input_connectivity": 0.1}