{"reservoir_size": 1000, "spectral_radius": 1.0600448537787408, "noise_rc": 0.0, "leak_rate": 0.07659885720167729, "seed": 1234, "warmup": 800, "ridge": 1.4637359777588808e-05, "rc_connectivity": 0.1, "input_connectivity": 0.1}