{"reservoir_size": 1000, "spectral_radius": 1.0478532583683575, "noise_rc": 0.0, "leak_rate": 0.03855830324156097, "seed": 1234, "warmup": 800, "ridge": 1.2342905937878605e-05, "rc_connectivity": 0.1, "input_connectivity": 0.1}