{"reservoir_size": 1000, "spectral_radius": 0.6253722492994856, "noise_rc": 0.0, "leak_rate": 0.04600907761576246, "seed": 1234, "warmup": 800, "ridge": 7.279327096447997e-05, "rc_connectivity": 0.1, "input_connectivity": 0.1}