{"reservoir_size": 1000, "spectral_radius": 1.6799303096052614, "noise_rc": 0.0, "leak_rate": 0.010216583439124457, "seed": 1234, "warmup": 800, "ridge": 1.625449664864768e-06, "rc_connectivity": 0.07141194422015155, "input_connectivity": 0.2}