{"reservoir_size": 1000, "spectral_radius": 1.131920246488708, "noise_rc": 0.0, "leak_rate": 0.07613854524166831, "seed": 1234, "warmup": 800, "ridge": 1.031966406034923e-05, "rc_connectivity": 0.1, "input_connectivity": 0.1}