{"reservoir_size": 1000, "spectral_radius": 1.0367264765567177, "noise_rc": 0.0, "leak_rate": 0.06544471777401965, "seed": 1234, "warmup": 800, "ridge": 1.2321850234776802e-05, "rc_connectivity": 0.1, "input_connectivity": 0.1}