{"reservoir_size": 1000, "spectral_radius": 1.0628167439715528, "noise_rc": 0.0, "leak_rate": 0.04889488835571615, "seed": 1234, "warmup": 800, "ridge": 1.5344659935289766e-05, "rc_connectivity": 0.1, "input_connectivity": 0.1}