{"reservoir_size": 1000, "spectral_radius": 1.2182246099392218, "noise_rc": 0.0, "leak_rate": 0.00885281970790775, "seed": 1234, "warmup": 800, "ridge": 0.009092477982592426, "rc_connectivity": 0.1, "input_connectivity": 0.1}