{"reservoir_size": 1000, "spectral_radius": 0.9125022560124153, "noise_rc": 0.0, "leak_rate": 0.04808235034200301, "seed": 1234, "warmup": 800, "ridge": 3.213874908796368e-05, "rc_connectivity": 0.1, "input_connectivity": 0.1}