{"reservoir_size": 1000, "spectral_radius": 1.0091902553753376, "noise_rc": 0.0, "leak_rate": 0.06170623268108185, "seed": 1234, "warmup": 800, "ridge": 1.0013468524669854e-05, "rc_connectivity": 0.1, "input_connectivity": 0.1}