{"reservoir_size": 1000, "spectral_radius": 0.9756612294621739, "noise_rc": 0.0, "leak_rate": 0.039302803652352974, "seed": 1234, "warmup": 800, "ridge": 0.09691088002187091, "rc_connectivity": 0.1, "input_connectivity": 0.1}