{"reservoir_size": 1000, "spectral_radius": 1.0461269436513172, "noise_rc": 0.0, "leak_rate": 0.060217103538847835, "seed": 1234, "warmup": 800, "ridge": 1.4807475474431865e-05, "rc_connectivity": 0.1, "input_connectivity": 0.1}