{"reservoir_size": 1000, "spectral_radius": 1.4667611603938968, "noise_rc": 0.0, "leak_rate": 0.05567938359953056, "seed": 1234, "warmup": 800, "ridge": 2.2408117560136437e-06, "rc_connectivity": 0.00521042409250704, "input_connectivity": 0.2}