{"reservoir_size": 1000, "spectral_radius": 1.1033042405363847, "noise_rc": 0.0, "leak_rate": 0.04285121021343259, "seed": 1234, "warmup": 800, "ridge": 2.267669948918943e-05, "rc_connectivity": 0.1, "input_connectivity": 0.1}