{"reservoir_size": 1000, "spectral_radius": 0.9979419852548127, "noise_rc": 0.0, "leak_rate": 0.05252294498031036, "seed": 1234, "warmup": 800, "ridge": 1.5376727694016833e-05, "rc_connectivity": 0.1, "input_connectivity": 0.1}