{"reservoir_size": 1000, "spectral_radius": 0.6215039155739182, "noise_rc": 0.0, "leak_rate": 0.06986293293245462, "seed": 1234, "warmup": 800, "ridge": 1.0111564537091511e-05, "rc_connectivity": 0.1, "input_connectivity": 0.1}