{"reservoir_size": 1000, "spectral_radius": 1.0500985301451906, "noise_rc": 0.0, "leak_rate": 0.041723973349663705, "seed": 1234, "warmup": 800, "ridge": 1.5022151889196417e-05, "rc_connectivity": 0.1, "input_connectivity": 0.1}