{"reservoir_size": 1000, "spectral_radius": 1.0456766986685084, "noise_rc": 0.0, "leak_rate": 0.06287960438288724, "seed": 1234, "warmup": 800, "ridge": 0.00027410233223289264, "rc_connectivity": 0.1, "input_connectivity": 0.1}