{"reservoir_size": 1000, "spectral_radius": 1.0742082077533215, "noise_rc": 0.0, "leak_rate": 0.05982086642933819, "seed": 1234, "warmup": 800, "ridge": 1.5626609020383657e-05, "rc_connectivity": 0.1, "input_connectivity": 0.1}