{"reservoir_size": 1000, "spectral_radius": 1.3245822707437194, "noise_rc": 0.0, "leak_rate": 0.03117726866741805, "seed": 1234, "warmup": 800, "ridge": 1.5834387770705907e-05, "rc_connectivity": 0.008122056525656224, "input_connectivity": 0.2}