{"reservoir_size": 1000, "spectral_radius": 1.992955496611227, "noise_rc": 0.0, "leak_rate": 0.02840852161674978, "seed": 1234, "warmup": 800, "ridge": 0.005754075126447319, "rc_connectivity": 0.1135331361656098, "input_connectivity": 0.2}