{"reservoir_size": 1000, "spectral_radius": 0.9675931814593723, "noise_rc": 0.0, "leak_rate": 0.04393157128093415, "seed": 1234, "warmup": 800, "ridge": 3.375253162212043e-05, "rc_connectivity": 0.1, "input_connectivity": 0.1}