{"reservoir_size": 1000, "spectral_radius": 1.0476316208449787, "noise_rc": 0.0, "leak_rate": 0.034983489842223575, "seed": 1234, "warmup": 800, "ridge": 1.0364710167788233e-05, "rc_connectivity": 0.1, "input_connectivity": 0.1}