{"reservoir_size": 1000, "spectral_radius": 1.022454174392424, "noise_rc": 0.0, "leak_rate": 0.009550058764668213, "seed": 1234, "warmup": 800, "ridge": 1.0384820893337271e-05, "rc_connectivity": 0.1, "input_connectivity": 0.1}