{"reservoir_size": 1000, "spectral_radius": 0.9940958262360993, "noise_rc": 0.0, "leak_rate": 0.07323779970300331, "seed": 1234, "warmup": 800, "ridge": 1.5120143277117917e-05, "rc_connectivity": 0.1, "input_connectivity": 0.1}