{"reservoir_size": 1000, "spectral_radius": 0.36643154101327485, "noise_rc": 0.0, "leak_rate": 0.02312352122851995, "seed": 1234, "warmup": 800, "ridge": 3.864140572398032e-06, "rc_connectivity": 0.0021468320877137946, "input_connectivity": 0.2}