{"reservoir_size": 1000, "spectral_radius": 1.0279004658675341, "noise_rc": 0.0, "leak_rate": 0.05909135894645929, "seed": 1234, "warmup": 800, "ridge": 1.498102596624274e-05, "rc_connectivity": 0.1, "input_connectivity": 0.1}