{"reservoir_size": 1000, "spectral_radius": 1.069552330937869, "noise_rc": 0.0, "leak_rate": 0.06786559975465999, "seed": 1234, "warmup": 800, "ridge": 1.4761875817253508e-05, "rc_connectivity": 0.1, "input_connectivity": 0.1}