{"reservoir_size": 1000, "spectral_radius": 1.6276438758250622, "noise_rc": 0.0, "leak_rate": 0.03644521880061453, "seed": 1234, "warmup": 800, "ridge": 1.252155131818116e-05, "rc_connectivity": 0.1, "input_connectivity": 0.1}