{"reservoir_size": 1000, "spectral_radius": 0.9742915051102162, "noise_rc": 0.0, "leak_rate": 0.05199346119903823, "seed": 1234, "warmup": 800, "ridge": 4.163761397434821e-05, "rc_connectivity": 0.1, "input_connectivity": 0.1}