{"reservoir_size": 1000, "spectral_radius": 1.0828334352356204, "noise_rc": 0.0, "leak_rate": 0.05555261216852055, "seed": 1234, "warmup": 800, "ridge": 1.5890198935574027e-05, "rc_connectivity": 0.1, "input_connectivity": 0.1}