{"reservoir_size": 1000, "spectral_radius": 0.9773100032796104, "noise_rc": 0.0, "leak_rate": 0.05982067788401156, "seed": 1234, "warmup": 800, "ridge": 1.2576812901264981e-05, "rc_connectivity": 0.1, "input_connectivity": 0.1}