{"reservoir_size": 1000, "spectral_radius": 0.33498516953296076, "noise_rc": 0.0, "leak_rate": 0.024096649253297367, "seed": 1234, "warmup": 800, "ridge": 2.8807116493727945e-06, "rc_connectivity": 0.0023343342721400956, "input_connectivity": 0.2}