{"reservoir_size": 1000, "spectral_radius": 1.0503599001956632, "noise_rc": 0.0, "leak_rate": 0.05381057366701261, "seed": 1234, "warmup": 800, "ridge": 1.5095893131767542e-05, "rc_connectivity": 0.1, "input_connectivity": 0.1}