{"reservoir_size": 1000, "spectral_radius": 1.0576686094853038, "noise_rc": 0.0, "leak_rate": 0.06293834112864302, "seed": 1234, "warmup": 800, "ridge": 9.022250389451261e-05, "rc_connectivity": 0.1, "input_connectivity": 0.1}