{"reservoir_size": 1000, "spectral_radius": 1.0483904130621402, "noise_rc": 0.0, "leak_rate": 0.05198708500850042, "seed": 1234, "warmup": 800, "ridge": 1.0006939065447689e-05, "rc_connectivity": 0.1, "input_connectivity": 0.1}