{"reservoir_size": 1000, "spectral_radius": 1.025435664303553, "noise_rc": 0.0, "leak_rate": 0.006743698673501534, "seed": 1234, "warmup": 800, "ridge": 2.6928219074201515e-05, "rc_connectivity": 0.1, "input_connectivity": 0.1}