{"reservoir_size": 1000, "spectral_radius": 0.8961388896942316, "noise_rc": 0.0, "leak_rate": 0.0407294967914653, "seed": 1234, "warmup": 800, "ridge": 3.469172080827777e-05, "rc_connectivity": 0.1, "input_connectivity": 0.1}