{"reservoir_size": 1000, "spectral_radius": 0.7739364057345104, "noise_rc": 0.0, "leak_rate": 0.059875901257637955, "seed": 1234, "warmup": 800, "ridge": 1.1950129838692063e-05, "rc_connectivity": 0.20226598578020702, "input_connectivity": 0.2}