{"reservoir_size": 1000, "spectral_radius": 0.904163609828361, "noise_rc": 0.0, "leak_rate": 0.07099109438847398, "seed": 1234, "warmup": 800, "ridge": 0.008728799299446064, "rc_connectivity": 0.1, "input_connectivity": 0.1}