{"reservoir_size": 1000, "spectral_radius": 0.9695604220072563, "noise_rc": 0.0, "leak_rate": 0.05382249099564618, "seed": 1234, "warmup": 800, "ridge": 1.7976146697754905e-05, "rc_connectivity": 0.1, "input_connectivity": 0.1}