{"reservoir_size": 1000, "spectral_radius": 0.9705783202974567, "noise_rc": 0.0, "leak_rate": 0.05219738984697155, "seed": 1234, "warmup": 800, "ridge": 2.3540758783412684e-05, "rc_connectivity": 0.1, "input_connectivity": 0.1}