{"reservoir_size": 1000, "spectral_radius": 0.9557758230928025, "noise_rc": 0.0, "leak_rate": 0.0473656221296529, "seed": 1234, "warmup": 800, "ridge": 0.011766688478402534, "rc_connectivity": 0.1, "input_connectivity": 0.1}