{"reservoir_size": 1000, "spectral_radius": 0.932724177712277, "noise_rc": 0.0, "leak_rate": 0.03169664916498635, "seed": 1234, "warmup": 800, "ridge": 2.8228898065768315e-05, "rc_connectivity": 0.1, "input_connectivity": 0.1}