{"reservoir_size": 1000, "spectral_radius": 0.9296782601094211, "noise_rc": 0.0, "leak_rate": 0.0690355692699855, "seed": 1234, "warmup": 800, "ridge": 1.917136419013954e-05, "rc_connectivity": 0.1, "input_connectivity": 0.1}