{"reservoir_size": 1000, "spectral_radius": 1.0376928221602637, "noise_rc": 0.0, "leak_rate": 0.030927595309714746, "seed": 1234, "warmup": 800, "ridge": 1.2581580339102588e-05, "rc_connectivity": 0.1, "input_connectivity": 0.1}