{"reservoir_size": 1000, "spectral_radius": 1.0534799461716047, "noise_rc": 0.0, "leak_rate": 0.045724540200902934, "seed": 1234, "warmup": 800, "ridge": 3.0028270452033776e-05, "rc_connectivity": 0.1, "input_connectivity": 0.1}