{"reservoir_size": 1000, "spectral_radius": 1.1317080646013118, "noise_rc": 0.0, "leak_rate": 0.042404332265880064, "seed": 1234, "warmup": 800, "ridge": 1.4429945613515403e-05, "rc_connectivity": 0.1, "input_connectivity": 0.1}