{"reservoir_size": 1000, "spectral_radius": 1.1143237743959595, "noise_rc": 0.0, "leak_rate": 0.06806940013779422, "seed": 1234, "warmup": 800, "ridge": 1.209514296769008e-05, "rc_connectivity": 0.1, "input_connectivity": 0.1}