{"reservoir_size": 1000, "spectral_radius": 1.0225255105362114, "noise_rc": 0.0, "leak_rate": 0.051354993401922726, "seed": 1234, "warmup": 800, "ridge": 1.0081869904765155e-06, "rc_connectivity": 0.31425461967149815, "input_connectivity": 0.2}