{"reservoir_size": 1000, "spectral_radius": 1.095630157294993, "noise_rc": 0.0, "leak_rate": 0.05702820254686417, "seed": 1234, "warmup": 800, "ridge": 1.7490059557868484e-05, "rc_connectivity": 0.1, "input_connectivity": 0.1}