{"reservoir_size": 1000, "spectral_radius": 1.3525698508367152, "noise_rc": 0.0, "leak_rate": 0.00022345176444758658, "seed": 1234, "warmup": 800, "ridge": 0.000306062939831442, "rc_connectivity": 0.1, "input_connectivity": 0.1}