{"reservoir_size": 1000, "spectral_radius": 1.1223244092105114, "noise_rc": 0.0, "leak_rate": 0.057161746304200345, "seed": 1234, "warmup": 800, "ridge": 1.505073617113645e-05, "rc_connectivity": 0.1, "input_connectivity": 0.1}