{"reservoir_size": 1000, "spectral_radius": 1.0628564808391907, "noise_rc": 0.0, "leak_rate": 0.0508978902380654, "seed": 1234, "warmup": 800, "ridge": 1.0087409574658438e-05, "rc_connectivity": 0.1, "input_connectivity": 0.1}