{"reservoir_size": 1000, "spectral_radius": 1.0534243260371285, "noise_rc": 0.0, "leak_rate": 0.07368895659545231, "seed": 1234, "warmup": 800, "ridge": 1.0076967470934686e-05, "rc_connectivity": 0.1, "input_connectivity": 0.1}