{"reservoir_size": 1000, "spectral_radius": 0.9800093287450743, "noise_rc": 0.0, "leak_rate": 0.037442377916564684, "seed": 1234, "warmup": 800, "ridge": 8.546043300991262e-05, "rc_connectivity": 0.1, "input_connectivity": 0.1}