{"reservoir_size": 1000, "spectral_radius": 0.9988717527635711, "noise_rc": 0.0, "leak_rate": 0.032679688885237694, "seed": 1234, "warmup": 800, "ridge": 1.2384547521077114e-05, "rc_connectivity": 0.1, "input_connectivity": 0.1}