{"reservoir_size": 1000, "spectral_radius": 0.8519503509142782, "noise_rc": 0.0, "leak_rate": 0.07815879912234756, "seed": 1234, "warmup": 800, "ridge": 1.070350475968123e-05, "rc_connectivity": 0.1, "input_connectivity": 0.1}