{"reservoir_size": 1000, "spectral_radius": 0.8240143429134831, "noise_rc": 0.0, "leak_rate": 0.07443213357788293, "seed": 1234, "warmup": 800, "ridge": 1.0631651802614856e-05, "rc_connectivity": 0.1, "input_connectivity": 0.1}