{"reservoir_size": 1000, "spectral_radius": 0.4862136873062724, "noise_rc": 0.0, "leak_rate": 0.08295015745200175, "seed": 1234, "warmup": 800, "ridge": 1.0611021331655434e-06, "rc_connectivity": 0.011917674045911932, "input_connectivity": 0.2}