{"reservoir_size": 1000, "spectral_radius": 1.039497038977298, "noise_rc": 0.0, "leak_rate": 0.0751645333959881, "seed": 1234, "warmup": 800, "ridge": 2.471662343566506e-05, "rc_connectivity": 0.1, "input_connectivity": 0.1}