{"reservoir_size": 1000, "spectral_radius": 1.0154228934756249, "noise_rc": 0.0, "leak_rate": 0.041700633182151406, "seed": 1234, "warmup": 800, "ridge": 1.0093180233806752e-05, "rc_connectivity": 0.1, "input_connectivity": 0.1}