{"reservoir_size": 1000, "spectral_radius": 1.1424350880454972, "noise_rc": 0.0, "leak_rate": 0.08610201690727205, "seed": 1234, "warmup": 800, "ridge": 1.5194157762092429e-05, "rc_connectivity": 0.1, "input_connectivity": 0.1}