{"reservoir_size": 1000, "spectral_radius": 1.1093598005658398, "noise_rc": 0.0, "leak_rate": 0.03938496545797166, "seed": 1234, "warmup": 800, "ridge": 1.3075052952630573e-05, "rc_connectivity": 0.1, "input_connectivity": 0.1}