{"reservoir_size": 1000, "spectral_radius": 1.0518752781687017, "noise_rc": 0.0, "leak_rate": 0.060705539180476914, "seed": 1234, "warmup": 800, "ridge": 1.2591703663535717e-05, "rc_connectivity": 0.1, "input_connectivity": 0.1}