{"reservoir_size": 1000, "spectral_radius": 0.6069242278029784, "noise_rc": 0.0, "leak_rate": 0.018891652516494387, "seed": 1234, "warmup": 800, "ridge": 5.484959527909691e-05, "rc_connectivity": 0.1, "input_connectivity": 0.1}