{"reservoir_size": 1000, "spectral_radius": 1.0088503734477174, "noise_rc": 0.0, "leak_rate": 0.05929715433736099, "seed": 1234, "warmup": 800, "ridge": 2.5556459261627853e-05, "rc_connectivity": 0.1, "input_connectivity": 0.1}