{"reservoir_size": 1000, "spectral_radius": 1.0500024808754047, "noise_rc": 0.0, "leak_rate": 0.0010677410204992634, "seed": 1234, "warmup": 800, "ridge": 1.5736314702349175e-05, "rc_connectivity": 0.1, "input_connectivity": 0.1}