{"reservoir_size": 1000, "spectral_radius": 0.8547244058643981, "noise_rc": 0.0, "leak_rate": 0.09620036641254512, "seed": 1234, "warmup": 800, "ridge": 1.4561984756436299e-05, "rc_connectivity": 0.1, "input_connectivity": 0.1}