{"reservoir_size": 1000, "spectral_radius": 1.1803014737034467, "noise_rc": 0.0, "leak_rate": 0.05732884224439885, "seed": 1234, "warmup": 800, "ridge": 1.2176006969124954e-05, "rc_connectivity": 0.1, "input_connectivity": 0.1}