{"reservoir_size": 1000, "spectral_radius": 0.3812582828359065, "noise_rc": 0.0, "leak_rate": 0.00047603298077196596, "seed": 1234, "warmup": 800, "ridge": 0.6795726901121902, "rc_connectivity": 0.05322372670328546, "input_connectivity": 0.2}