{"reservoir_size": 1000, "spectral_radius": 1.259463588129366, "noise_rc": 0.0, "leak_rate": 0.06013489272897228, "seed": 1234, "warmup": 800, "ridge": 0.2016843529767464, "rc_connectivity": 0.1, "input_connectivity": 0.1}