{"reservoir_size": 1000, "spectral_radius": 1.0456671845622993, "noise_rc": 0.0, "leak_rate": 0.051317222245984714, "seed": 1234, "warmup": 800, "ridge": 1.001489295541722e-05, "rc_connectivity": 0.1, "input_connectivity": 0.1}