{"reservoir_size": 1000, "spectral_radius": 1.0154642292841836, "noise_rc": 0.0, "leak_rate": 0.056600331215889865, "seed": 1234, "warmup": 800, "ridge": 1.711484905392407e-05, "rc_connectivity": 0.1, "input_connectivity": 0.1}