{"reservoir_size": 1000, "spectral_radius": 1.1294781740455941, "noise_rc": 0.0, "leak_rate": 0.06010590852136336, "seed": 1234, "warmup": 800, "ridge": 1.2248607863551464e-05, "rc_connectivity": 0.1, "input_connectivity": 0.1}