{"reservoir_size": 1000, "spectral_radius": 1.0259749159424116, "noise_rc": 0.0, "leak_rate": 0.0639391675546623, "seed": 1234, "warmup": 800, "ridge": 0.036665588596415895, "rc_connectivity": 0.1, "input_connectivity": 0.1}