{"reservoir_size": 1000, "spectral_radius": 0.8901639940951054, "noise_rc": 0.0, "leak_rate": 0.05394771104050132, "seed": 1234, "warmup": 800, "ridge": 3.7341773495623253e-06, "rc_connectivity": 0.008697288853192918, "input_connectivity": 0.2}