{"reservoir_size": 1000, "spectral_radius": 0.915512300199469, "noise_rc": 0.0, "leak_rate": 0.06140441515593022, "seed": 1234, "warmup": 800, "ridge": 3.244972361579792e-05, "rc_connectivity": 0.1, "input_connectivity": 0.1}