{"reservoir_size": 1000, "spectral_radius": 1.1151515732506874, "noise_rc": 0.0, "leak_rate": 0.020965412783346005, "seed": 1234, "warmup": 800, "ridge": 1.5323314973916326e-05, "rc_connectivity": 0.1, "input_connectivity": 0.1}