{"reservoir_size": 1000, "spectral_radius": 1.0779634051577525, "noise_rc": 0.0, "leak_rate": 0.011494531774985321, "seed": 1234, "warmup": 800, "ridge": 1.7133085668342015e-05, "rc_connectivity": 0.1, "input_connectivity": 0.1}