{"reservoir_size": 1000, "spectral_radius": 0.9866117268745989, "noise_rc": 0.0, "leak_rate": 0.06787547341680254, "seed": 1234, "warmup": 800, "ridge": 0.00011135004272621269, "rc_connectivity": 0.1, "input_connectivity": 0.1}