{"reservoir_size": 1000, "spectral_radius": 0.9945602642120518, "noise_rc": 0.0, "leak_rate": 0.06269768435368389, "seed": 1234, "warmup": 800, "ridge": 1.5063480385906524e-05, "rc_connectivity": 0.1, "input_connectivity": 0.1}