{"reservoir_size": 1000, "spectral_radius": 1.060372106226732, "noise_rc": 0.0, "leak_rate": 0.06017449771517654, "seed": 1234, "warmup": 800, "ridge": 1.9171061457929037e-05, "rc_connectivity": 0.1, "input_connectivity": 0.1}