{"reservoir_size": 1000, "spectral_radius": 0.9912348768315062, "noise_rc": 0.0, "leak_rate": 0.097671661467606, "seed": 1234, "warmup": 800, "ridge": 0.057153952765126935, "rc_connectivity": 0.1, "input_connectivity": 0.1}