{"reservoir_size": 1000, "spectral_radius": 0.8096043273577402, "noise_rc": 0.0, "leak_rate": 0.06470841668495766, "seed": 1234, "warmup": 800, "ridge": 1.2294612397635353e-05, "rc_connectivity": 0.1, "input_connectivity": 0.1}