{"reservoir_size": 1000, "spectral_radius": 1.031608841687798, "noise_rc": 0.0, "leak_rate": 0.05672102639233412, "seed": 1234, "warmup": 800, "ridge": 1.0095510353410529e-05, "rc_connectivity": 0.1, "input_connectivity": 0.1}