{"reservoir_size": 1000, "spectral_radius": 1.037491871906925, "noise_rc": 0.0, "leak_rate": 0.006921715027202739, "seed": 1234, "warmup": 800, "ridge": 1.9338148831752675e-05, "rc_connectivity": 0.1, "input_connectivity": 0.1}