{"reservoir_size": 1000, "spectral_radius": 0.38218011746677166, "noise_rc": 0.0, "leak_rate": 0.03981941477074275, "seed": 1234, "warmup": 800, "ridge": 9.817934018036067e-06, "rc_connectivity": 0.006729100305634192, "input_connectivity": 0.2}