{"reservoir_size": 1000, "spectral_radius": 1.157463688303066, "noise_rc": 0.0, "leak_rate": 0.06973586311747203, "seed": 1234, "warmup": 800, "ridge": 0.400762210430037, "rc_connectivity": 0.1, "input_connectivity": 0.1}