{"reservoir_size": 1000, "spectral_radius": 1.0286410819951561, "noise_rc": 0.0, "leak_rate": 0.03436917495864807, "seed": 1234, "warmup": 800, "ridge": 5.9842752230975345e-05, "rc_connectivity": 0.1, "input_connectivity": 0.1}