{"reservoir_size": 1000, "spectral_radius": 1.0290080287502037, "noise_rc": 0.0, "leak_rate": 0.04929772217315464, "seed": 1234, "warmup": 800, "ridge": 6.443773190569322e-05, "rc_connectivity": 0.1, "input_connectivity": 0.1}