{"reservoir_size": 1000, "spectral_radius": 0.9311848837922914, "noise_rc": 0.0, "leak_rate": 0.05466266616635621, "seed": 1234, "warmup": 800, "ridge": 1.648400132694369e-05, "rc_connectivity": 0.1, "input_connectivity": 0.1}