{"reservoir_size": 1000, "spectral_radius": 0.9787110809672862, "noise_rc": 0.0, "leak_rate": 0.03819414059626107, "seed": 1234, "warmup": 800, "ridge": 2.1838801602515753e-05, "rc_connectivity": 0.1, "input_connectivity": 0.1}