{"reservoir_size": 1000, "spectral_radius": 1.0606193747947525, "noise_rc": 0.0, "leak_rate": 0.04714351047202557, "seed": 1234, "warmup": 800, "ridge": 2.1318326644566e-05, "rc_connectivity": 0.1, "input_connectivity": 0.1}