{"reservoir_size": 1000, "spectral_radius": 0.9933196351777609, "noise_rc": 0.0, "leak_rate": 0.04906747734458893, "seed": 1234, "warmup": 800, "ridge": 0.00015179588787433962, "rc_connectivity": 0.1, "input_connectivity": 0.1}