{"reservoir_size": 1000, "spectral_radius": 0.8304107881668366, "noise_rc": 0.0, "leak_rate": 0.0009784691694156434, "seed": 1234, "warmup": 800, "ridge": 1.0226767039186907e-05, "rc_connectivity": 0.1, "input_connectivity": 0.1}