{"reservoir_size": 1000, "spectral_radius": 1.0806738836440037, "noise_rc": 0.0, "leak_rate": 0.08469559755891541, "seed": 1234, "warmup": 800, "ridge": 3.0028199661298875e-05, "rc_connectivity": 0.1, "input_connectivity": 0.1}