{"reservoir_size": 1000, "spectral_radius": 1.1245992462457008, "noise_rc": 0.0, "leak_rate": 0.03671639161742283, "seed": 1234, "warmup": 800, "ridge": 0.029047942308187653, "rc_connectivity": 0.1, "input_connectivity": 0.1}