{"reservoir_size": 1000, "spectral_radius": 1.0968744969812014, "noise_rc": 0.0, "leak_rate": 0.0750500913435599, "seed": 1234, "warmup": 800, "ridge": 0.00011953402132481057, "rc_connectivity": 0.1, "input_connectivity": 0.1}