{"reservoir_size": 1000, "spectral_radius": 1.077607868039522, "noise_rc": 0.0, "leak_rate": 0.06559156320710081, "seed": 1234, "warmup": 800, "ridge": 0.8073407395398626, "rc_connectivity": 0.1, "input_connectivity": 0.1}