{"reservoir_size": 1000, "spectral_radius": 0.48247080203609966, "noise_rc": 0.0, "leak_rate": 0.09444367626922896, "seed": 1234, "warmup": 800, "ridge": 1.0803982998001068e-06, "rc_connectivity": 0.010682932957076504, "input_connectivity": 0.2}