{"reservoir_size": 1000, "spectral_radius": 1.3279036535446471, "noise_rc": 0.0, "leak_rate": 0.002142056682768434, "seed": 1234, "warmup": 800, "ridge": 0.0018499356645618663, "rc_connectivity": 0.1, "input_connectivity": 0.1}