{"reservoir_size": 1000, "spectral_radius": 0.7140054552228441, "noise_rc": 0.0, "leak_rate": 0.007210116425358309, "seed": 1234, "warmup": 800, "ridge": 3.6268686705863626e-05, "rc_connectivity": 0.1, "input_connectivity": 0.1}