{"reservoir_size": 1000, "spectral_radius": 0.9441487896905092, "noise_rc": 0.0, "leak_rate": 0.05813614789002022, "seed": 1234, "warmup": 800, "ridge": 7.391474914964107e-05, "rc_connectivity": 0.1, "input_connectivity": 0.1}