{"reservoir_size": 1000, "spectral_radius": 1.033421406376255, "noise_rc": 0.0, "leak_rate": 0.044757262371692745, "seed": 1234, "warmup": 800, "ridge": 1.0090188235668196e-05, "rc_connectivity": 0.1, "input_connectivity": 0.1}