{"reservoir_size": 1000, "spectral_radius": 1.0248007414174982, "noise_rc": 0.0, "leak_rate": 0.05660135474720875, "seed": 1234, "warmup": 800, "ridge": 1.9019488141485084e-05, "rc_connectivity": 0.1, "input_connectivity": 0.1}