{"reservoir_size": 1000, "spectral_radius": 1.0106826772992639, "noise_rc": 0.0, "leak_rate": 0.06658223759458483, "seed": 1234, "warmup": 800, "ridge": 3.090529482330532e-05, "rc_connectivity": 0.1, "input_connectivity": 0.1}