{"reservoir_size": 1000, "spectral_radius": 1.0352667453761608, "noise_rc": 0.0, "leak_rate": 0.05668386095689971, "seed": 1234, "warmup": 800, "ridge": 1.2470462124042147e-05, "rc_connectivity": 0.1, "input_connectivity": 0.1}