{"reservoir_size": 1000, "spectral_radius": 1.11599797396148, "noise_rc": 0.0, "leak_rate": 0.055553808121271454, "seed": 1234, "warmup": 800, "ridge": 1.0168083462491047e-05, "rc_connectivity": 0.1, "input_connectivity": 0.1}