{"reservoir_size": 1000, "spectral_radius": 0.9584663593643332, "noise_rc": 0.0, "leak_rate": 0.04068154916231077, "seed": 1234, "warmup": 800, "ridge": 1.833095676214001e-05, "rc_connectivity": 0.1, "input_connectivity": 0.1}