{"reservoir_size": 1000, "spectral_radius": 1.0817569156254732, "noise_rc": 0.0, "leak_rate": 0.06076124264261363, "seed": 1234, "warmup": 800, "ridge": 1.2769503687293638e-05, "rc_connectivity": 0.1, "input_connectivity": 0.1}