{"reservoir_size": 1000, "spectral_radius": 1.0120289030333776, "noise_rc": 0.0, "leak_rate": 0.048755187368332495, "seed": 1234, "warmup": 800, "ridge": 0.00016555254226369477, "rc_connectivity": 0.1, "input_connectivity": 0.1}