{"reservoir_size": 1000, "spectral_radius": 1.0800260601647191, "noise_rc": 0.0, "leak_rate": 0.028474691645113882, "seed": 1234, "warmup": 800, "ridge": 1.008899033867406e-05, "rc_connectivity": 0.1, "input_connectivity": 0.1}