{"reservoir_size": 1000, "spectral_radius": 1.041864377018709, "noise_rc": 0.0, "leak_rate": 0.005278215146833963, "seed": 1234, "warmup": 800, "ridge": 1.3560514360438459e-05, "rc_connectivity": 0.0010520663683553665, "input_connectivity": 0.2}