{"reservoir_size": 1000, "spectral_radius": 1.0874746060364762, "noise_rc": 0.0, "leak_rate": 0.05788250309727982, "seed": 1234, "warmup": 800, "ridge": 1.0178483628834623e-05, "rc_connectivity": 0.1, "input_connectivity": 0.1}