{"reservoir_size": 1000, "spectral_radius": 1.0881163753702643, "noise_rc": 0.0, "leak_rate": 0.051791505320925725, "seed": 1234, "warmup": 800, "ridge": 1.951262228370253e-05, "rc_connectivity": 0.1, "input_connectivity": 0.1}