{"reservoir_size": 1000, "spectral_radius": 0.971736244274099, "noise_rc": 0.0, "leak_rate": 0.056925584211485046, "seed": 1234, "warmup": 800, "ridge": 1.004073412639323e-05, "rc_connectivity": 0.1, "input_connectivity": 0.1}