{"reservoir_size": 1000, "spectral_radius": 0.9458633425210107, "noise_rc": 0.0, "leak_rate": 0.0423126327501132, "seed": 1234, "warmup": 800, "ridge": 2.191508149867478e-05, "rc_connectivity": 0.1, "input_connectivity": 0.1}