{"reservoir_size": 1000, "spectral_radius": 1.005425188441681, "noise_rc": 0.0, "leak_rate": 0.036117720681739136, "seed": 1234, "warmup": 800, "ridge": 1.5761409614113164e-05, "rc_connectivity": 0.1, "input_connectivity": 0.1}