{"reservoir_size": 1000, "spectral_radius": 1.2259549247815802, "noise_rc": 0.0, "leak_rate": 0.06259848599635666, "seed": 1234, "warmup": 800, "ridge": 5.4601934937110743e-05, "rc_connectivity": 0.1, "input_connectivity": 0.1}