{"reservoir_size": 1000, "spectral_radius": 0.8076793425385452, "noise_rc": 0.0, "leak_rate": 0.03852393663970862, "seed": 1234, "warmup": 800, "ridge": 1.0529111342726558e-05, "rc_connectivity": 0.006159559109460764, "input_connectivity": 0.2}