{"reservoir_size": 1000, "spectral_radius": 1.0146678317624696, "noise_rc": 0.0, "leak_rate": 0.038014121824467825, "seed": 1234, "warmup": 800, "ridge": 1.7555573141655643e-05, "rc_connectivity": 0.1, "input_connectivity": 0.1}