{"reservoir_size": 1000, "spectral_radius": 1.0759010208344018, "noise_rc": 0.0, "leak_rate": 0.06242715688018345, "seed": 1234, "warmup": 800, "ridge": 0.9737504225538202, "rc_connectivity": 0.1, "input_connectivity": 0.1}