{"reservoir_size": 1000, "spectral_radius": 1.0525689436678458, "noise_rc": 0.0, "leak_rate": 0.048187430870561335, "seed": 1234, "warmup": 800, "ridge": 1.4622157434398636e-05, "rc_connectivity": 0.1, "input_connectivity": 0.1}