{"reservoir_size": 1000, "spectral_radius": 0.7399341165646598, "noise_rc": 0.0, "leak_rate": 0.0022803463300212897, "seed": 1234, "warmup": 800, "ridge": 0.00016615499817203687, "rc_connectivity": 0.1, "input_connectivity": 0.1}