{"reservoir_size": 1000, "spectral_radius": 1.053070322693383, "noise_rc": 0.0, "leak_rate": 0.06468715901242114, "seed": 1234, "warmup": 800, "ridge": 1.5001388413518963e-05, "rc_connectivity": 0.1, "input_connectivity": 0.1}