{"reservoir_size": 1000, "spectral_radius": 1.0289972299359347, "noise_rc": 0.0, "leak_rate": 0.046591859626750186, "seed": 1234, "warmup": 800, "ridge": 1.4435087357836185e-05, "rc_connectivity": 0.1, "input_connectivity": 0.1}