{"reservoir_size": 1000, "spectral_radius": 0.8926943448781269, "noise_rc": 0.0, "leak_rate": 0.048519016558602836, "seed": 1234, "warmup": 800, "ridge": 1.2468769863780798e-05, "rc_connectivity": 0.1, "input_connectivity": 0.1}