{"reservoir_size": 1000, "spectral_radius": 1.0541873103739896, "noise_rc": 0.0, "leak_rate": 0.0008970818377069065, "seed": 1234, "warmup": 800, "ridge": 1.2582316548258796e-05, "rc_connectivity": 0.1, "input_connectivity": 0.1}