{"reservoir_size": 1000, "spectral_radius": 0.8670578621768316, "noise_rc": 0.0, "leak_rate": 0.06022002334337003, "seed": 1234, "warmup": 800, "ridge": 0.07530649897002442, "rc_connectivity": 0.005903839546442765, "input_connectivity": 0.2}