{"reservoir_size": 1000, "spectral_radius": 0.9562529241368212, "noise_rc": 0.0, "leak_rate": 0.06521122497811095, "seed": 1234, "warmup": 800, "ridge": 4.34282169397885e-05, "rc_connectivity": 0.1, "input_connectivity": 0.1}