{"reservoir_size": 1000, "spectral_radius": 0.9421932249399287, "noise_rc": 0.0, "leak_rate": 0.036396589852853, "seed": 1234, "warmup": 800, "ridge": 2.086049050315735e-05, "rc_connectivity": 0.1, "input_connectivity": 0.1}