{"reservoir_size": 1000, "spectral_radius": 1.064296735279919, "noise_rc": 0.0, "leak_rate": 0.05754605681640766, "seed": 1234, "warmup": 800, "ridge": 1.2452315300876613e-05, "rc_connectivity": 0.1, "input_connectivity": 0.1}