{"reservoir_size": 1000, "spectral_radius": 0.7692888526388452, "noise_rc": 0.0, "leak_rate": 0.008255055356756408, "seed": 1234, "warmup": 800, "ridge": 1.3803866235981672e-05, "rc_connectivity": 0.016472713341779716, "input_connectivity": 0.2}