{"reservoir_size": 1000, "spectral_radius": 0.9869977513169834, "noise_rc": 0.0, "leak_rate": 0.04856420007830549, "seed": 1234, "warmup": 800, "ridge": 2.6041964045325594e-05, "rc_connectivity": 0.1, "input_connectivity": 0.1}