{"reservoir_size": 1000, "spectral_radius": 0.6784005286295272, "noise_rc": 0.0, "leak_rate": 0.08378945047768396, "seed": 1234, "warmup": 800, "ridge": 2.6394829971524208e-05, "rc_connectivity": 0.1, "input_connectivity": 0.1}