{"reservoir_size": 1000, "spectral_radius": 0.9809811095318506, "noise_rc": 0.0, "leak_rate": 0.043099298274904066, "seed": 1234, "warmup": 800, "ridge": 3.107408772941474e-05, "rc_connectivity": 0.1, "input_connectivity": 0.1}