{"reservoir_size": 1000, "spectral_radius": 1.1105557701830377, "noise_rc": 0.0, "leak_rate": 0.0703586475891767, "seed": 1234, "warmup": 800, "ridge": 1.0131349602441806e-05, "rc_connectivity": 0.1, "input_connectivity": 0.1}