{"reservoir_size": 1000, "spectral_radius": 1.1412989708721728, "noise_rc": 0.0, "leak_rate": 0.056471681866556996, "seed": 1234, "warmup": 800, "ridge": 1.2503936957369315e-05, "rc_connectivity": 0.1, "input_connectivity": 0.1}