{"reservoir_size": 1000, "spectral_radius": 0.6535115959271853, "noise_rc": 0.0, "leak_rate": 0.04876461861942851, "seed": 1234, "warmup": 800, "ridge": 3.444396030629491e-05, "rc_connectivity": 0.1, "input_connectivity": 0.1}