{"reservoir_size": 1000, "spectral_radius": 0.6813008760457329, "noise_rc": 0.0, "leak_rate": 0.03832887349392777, "seed": 1234, "warmup": 800, "ridge": 9.441573853680868e-05, "rc_connectivity": 0.1, "input_connectivity": 0.1}