{"reservoir_size": 1000, "spectral_radius": 0.8967376965770485, "noise_rc": 0.0, "leak_rate": 0.07178654412053913, "seed": 1234, "warmup": 800, "ridge": 1.711601372014775e-05, "rc_connectivity": 0.1, "input_connectivity": 0.1}