{"reservoir_size": 1000, "spectral_radius": 0.6836270386545588, "noise_rc": 0.0, "leak_rate": 0.03192119710695039, "seed": 1234, "warmup": 800, "ridge": 2.0244122956317902e-05, "rc_connectivity": 0.1, "input_connectivity": 0.1}