{"reservoir_size": 1000, "spectral_radius": 1.0189357991788952, "noise_rc": 0.0, "leak_rate": 0.0465706990152974, "seed": 1234, "warmup": 800, "ridge": 1.0048818760145658e-05, "rc_connectivity": 0.1, "input_connectivity": 0.1}