{"reservoir_size": 1000, "spectral_radius": 1.0890996477144939, "noise_rc": 0.0, "leak_rate": 0.04954843693170313, "seed": 1234, "warmup": 800, "ridge": 1.4840989689344041e-05, "rc_connectivity": 0.1, "input_connectivity": 0.1}