{"reservoir_size": 1000, "spectral_radius": 0.9673786633286232, "noise_rc": 0.0, "leak_rate": 0.04950811325662087, "seed": 1234, "warmup": 800, "ridge": 4.848139101133904e-05, "rc_connectivity": 0.1, "input_connectivity": 0.1}