{"reservoir_size": 1000, "spectral_radius": 1.0921037419584028, "noise_rc": 0.0, "leak_rate": 0.04509313125600817, "seed": 1234, "warmup": 800, "ridge": 1.2717816399373356e-05, "rc_connectivity": 0.1, "input_connectivity": 0.1}