{"reservoir_size": 1000, "spectral_radius": 0.8766073785047974, "noise_rc": 0.0, "leak_rate": 0.04571007957766085, "seed": 1234, "warmup": 800, "ridge": 2.9744959105261542e-05, "rc_connectivity": 0.1, "input_connectivity": 0.1}