{"reservoir_size": 1000, "spectral_radius": 0.9829859600197398, "noise_rc": 0.0, "leak_rate": 0.04622326133866332, "seed": 1234, "warmup": 800, "ridge": 2.304861056364174e-05, "rc_connectivity": 0.1, "input_connectivity": 0.1}