{"reservoir_size": 1000, "spectral_radius": 1.1464332784375941, "noise_rc": 0.0, "leak_rate": 0.0698984690315401, "seed": 1234, "warmup": 800, "ridge": 1.0996299925651634e-05, "rc_connectivity": 0.1, "input_connectivity": 0.1}