{"reservoir_size": 1000, "spectral_radius": 1.035639821247793, "noise_rc": 0.0, "leak_rate": 0.3544863417088614, "seed": 1234, "warmup": 800, "ridge": 0.0013428160451898561, "rc_connectivity": 0.6991306863104855, "input_connectivity": 0.2}