{"reservoir_size": 1000, "spectral_radius": 1.8746916114662255, "noise_rc": 0.0, "leak_rate": 0.08810570244454653, "seed": 1234, "warmup": 800, "ridge": 6.258984892408646e-05, "rc_connectivity": 0.0016857662243578994, "input_connectivity": 0.2}