{"reservoir_size": 1000, "spectral_radius": 1.1166245681379576, "noise_rc": 0.0, "leak_rate": 0.0492369208032201, "seed": 1234, "warmup": 800, "ridge": 1.2712616415102394e-05, "rc_connectivity": 0.1, "input_connectivity": 0.1}