{"reservoir_size": 1000, "spectral_radius": 1.0362889911481477, "noise_rc": 0.0, "leak_rate": 0.09833179156185229, "seed": 1234, "warmup": 800, "ridge": 2.3655731174408996e-05, "rc_connectivity": 0.1, "input_connectivity": 0.1}