{"reservoir_size": 1000, "spectral_radius": 0.9567216517263266, "noise_rc": 0.0, "leak_rate": 0.017786054407852064, "seed": 1234, "warmup": 800, "ridge": 1.0509942749453273e-05, "rc_connectivity": 0.011733051593403064, "input_connectivity": 0.2}