{"reservoir_size": 1000, "spectral_radius": 1.0329787288472094, "noise_rc": 0.0, "leak_rate": 0.040967804442812526, "seed": 1234, "warmup": 800, "ridge": 1.4232347257443121e-05, "rc_connectivity": 0.1, "input_connectivity": 0.1}