{"reservoir_size": 1000, "spectral_radius": 0.9823349738859681, "noise_rc": 0.0, "leak_rate": 0.057694824011194766, "seed": 1234, "warmup": 800, "ridge": 0.00019145766124013393, "rc_connectivity": 0.1, "input_connectivity": 0.1}