{"reservoir_size": 1000, "spectral_radius": 0.38873181788701194, "noise_rc": 0.0, "leak_rate": 0.1515331260992511, "seed": 1234, "warmup": 800, "ridge": 1.0944740876180169e-05, "rc_connectivity": 0.42077841144381894, "input_connectivity": 0.2}