{"reservoir_size": 1000, "spectral_radius": 1.0328207364354092, "noise_rc": 0.0, "leak_rate": 0.00010465661800303439, "seed": 1234, "warmup": 800, "ridge": 3.217050103502736e-05, "rc_connectivity": 0.1, "input_connectivity": 0.1}