{"reservoir_size": 1000, "spectral_radius": 1.043635091713929, "noise_rc": 0.0, "leak_rate": 0.06419572120896153, "seed": 1234, "warmup": 800, "ridge": 1.2447178812579757e-05, "rc_connectivity": 0.1, "input_connectivity": 0.1}