{"reservoir_size": 1000, "spectral_radius": 1.1415605040732282, "noise_rc": 0.0, "leak_rate": 0.058219736690949916, "seed": 1234, "warmup": 800, "ridge": 1.2297074703081162e-05, "rc_connectivity": 0.1, "input_connectivity": 0.1}