{"reservoir_size": 1000, "spectral_radius": 1.1156828528918312, "noise_rc": 0.0, "leak_rate": 0.038505745631679196, "seed": 1234, "warmup": 800, "ridge": 1.4071619178209802e-05, "rc_connectivity": 0.1, "input_connectivity": 0.1}