{"reservoir_size": 1000, "spectral_radius": 1.027913399916343, "noise_rc": 0.0, "leak_rate": 0.02772598588385634, "seed": 1234, "warmup": 800, "ridge": 1.0173860902500515e-05, "rc_connectivity": 0.1, "input_connectivity": 0.1}