{"reservoir_size": 1000, "spectral_radius": 1.0507581418456249, "noise_rc": 0.0, "leak_rate": 0.041367275063949695, "seed": 1234, "warmup": 800, "ridge": 1.1956779657595406e-05, "rc_connectivity": 0.1, "input_connectivity": 0.1}