{"reservoir_size": 1000, "spectral_radius": 1.0023645923588498, "noise_rc": 0.0, "leak_rate": 0.05305712326925918, "seed": 1234, "warmup": 800, "ridge": 1.0102542204885217e-05, "rc_connectivity": 0.1, "input_connectivity": 0.1}