{"reservoir_size": 1000, "spectral_radius": 0.30137686478357006, "noise_rc": 0.0, "leak_rate": 0.2984445619330704, "seed": 1234, "warmup": 800, "ridge": 2.2999267718986795e-05, "rc_connectivity": 0.015955086672172873, "input_connectivity": 0.2}