{"reservoir_size": 1000, "spectral_radius": 1.0852810366307817, "noise_rc": 0.0, "leak_rate": 0.07322604568401264, "seed": 1234, "warmup": 800, "ridge": 1.7469941773692056e-05, "rc_connectivity": 0.1, "input_connectivity": 0.1}