{"reservoir_size": 1000, "spectral_radius": 1.0713452372748908, "noise_rc": 0.0, "leak_rate": 0.07148601795443456, "seed": 1234, "warmup": 800, "ridge": 1.7647820582637168e-05, "rc_connectivity": 0.1, "input_connectivity": 0.1}