{"reservoir_size": 1000, "spectral_radius": 1.1379441129870356, "noise_rc": 0.0, "leak_rate": 0.062291634688588275, "seed": 1234, "warmup": 800, "ridge": 0.0033789790833707476, "rc_connectivity": 0.1, "input_connectivity": 0.1}