{"reservoir_size": 1000, "spectral_radius": 1.0850089903719282, "noise_rc": 0.0, "leak_rate": 0.06885154128896885, "seed": 1234, "warmup": 800, "ridge": 1.2743750134990477e-05, "rc_connectivity": 0.1, "input_connectivity": 0.1}