{"reservoir_size": 1000, "spectral_radius": 1.3006186407558928, "noise_rc": 0.0, "leak_rate": 0.01990843786711138, "seed": 1234, "warmup": 800, "ridge": 0.002010183869419711, "rc_connectivity": 0.1, "input_connectivity": 0.1}