{"reservoir_size": 1000, "spectral_radius": 0.9097691143169871, "noise_rc": 0.0, "leak_rate": 0.018929174901389425, "seed": 1234, "warmup": 800, "ridge": 1.8236483314516155e-05, "rc_connectivity": 0.11950231975765574, "input_connectivity": 0.2}