{"reservoir_size": 1000, "spectral_radius": 0.9869548507068965, "noise_rc": 0.0, "leak_rate": 0.04907356335907669, "seed": 1234, "warmup": 800, "ridge": 2.6978778064661394e-05, "rc_connectivity": 0.1, "input_connectivity": 0.1}