{"reservoir_size": 1000, "spectral_radius": 1.0842332220057316, "noise_rc": 0.0, "leak_rate": 0.0781632963257051, "seed": 1234, "warmup": 800, "ridge": 1.2479291545128846e-05, "rc_connectivity": 0.1, "input_connectivity": 0.1}