{"reservoir_size": 1000, "spectral_radius": 1.0247220511818969, "noise_rc": 0.0, "leak_rate": 0.060647491103001314, "seed": 1234, "warmup": 800, "ridge": 0.08143111083684046, "rc_connectivity": 0.1, "input_connectivity": 0.1}