{"reservoir_size": 1000, "spectral_radius": 1.2348202664893648, "noise_rc": 0.0, "leak_rate": 0.16271835863974196, "seed": 1234, "warmup": 800, "ridge": 1.2362353063654028e-05, "rc_connectivity": 0.22050514869920854, "input_connectivity": 0.2}