{"reservoir_size": 1000, "spectral_radius": 1.0859481022076172, "noise_rc": 0.0, "leak_rate": 0.024579407071336757, "seed": 1234, "warmup": 800, "ridge": 0.0004115022023018247, "rc_connectivity": 0.1, "input_connectivity": 0.1}