{"reservoir_size": 1000, "spectral_radius": 1.0912172643443043, "noise_rc": 0.0, "leak_rate": 0.05418790559480064, "seed": 1234, "warmup": 800, "ridge": 2.063431514905613e-05, "rc_connectivity": 0.1, "input_connectivity": 0.1}