{"reservoir_size": 1000, "spectral_radius": 1.1016387153843634, "noise_rc": 0.0, "leak_rate": 0.06717965192438563, "seed": 1234, "warmup": 800, "ridge": 1.5740663609735063e-05, "rc_connectivity": 0.1, "input_connectivity": 0.1}