{"reservoir_size": 1000, "spectral_radius": 0.9544069911787414, "noise_rc": 0.0, "leak_rate": 0.04899840204153236, "seed": 1234, "warmup": 800, "ridge": 4.026650564882779e-05, "rc_connectivity": 0.1, "input_connectivity": 0.1}