{"reservoir_size": 1000, "spectral_radius": 0.9938286682837116, "noise_rc": 0.0, "leak_rate": 0.015938563398112806, "seed": 1234, "warmup": 800, "ridge": 1.4835514113525295e-05, "rc_connectivity": 0.1, "input_connectivity": 0.1}