{"reservoir_size": 1000, "spectral_radius": 1.0254608716522255, "noise_rc": 0.0, "leak_rate": 0.04996150521284147, "seed": 1234, "warmup": 800, "ridge": 1.2287470615039774e-05, "rc_connectivity": 0.1, "input_connectivity": 0.1}