{"reservoir_size": 1000, "spectral_radius": 1.0846460168314893, "noise_rc": 0.0, "leak_rate": 0.06273994443536739, "seed": 1234, "warmup": 800, "ridge": 1.0189698209237368e-05, "rc_connectivity": 0.1, "input_connectivity": 0.1}