{"reservoir_size": 1000, "spectral_radius": 1.132390029930968, "noise_rc": 0.0, "leak_rate": 0.05465856994300353, "seed": 1234, "warmup": 800, "ridge": 2.7629563010364203e-05, "rc_connectivity": 0.1, "input_connectivity": 0.1}