{"reservoir_size": 1000, "spectral_radius": 1.166169066012482, "noise_rc": 0.0, "leak_rate": 0.0834212625833956, "seed": 1234, "warmup": 800, "ridge": 1.0111788325395609e-05, "rc_connectivity": 0.1, "input_connectivity": 0.1}