{"reservoir_size": 1000, "spectral_radius": 1.0702076901988262, "noise_rc": 0.0, "leak_rate": 0.02737684422024345, "seed": 1234, "warmup": 800, "ridge": 1.2199349461249497e-05, "rc_connectivity": 0.1, "input_connectivity": 0.1}