{"reservoir_size": 1000, "spectral_radius": 1.012972315971561, "noise_rc": 0.0, "leak_rate": 0.06340136895040098, "seed": 1234, "warmup": 800, "ridge": 2.1739931055497304e-05, "rc_connectivity": 0.1, "input_connectivity": 0.1}