{"reservoir_size": 1000, "spectral_radius": 0.9489017059741915, "noise_rc": 0.0, "leak_rate": 0.04170105534312009, "seed": 1234, "warmup": 800, "ridge": 1.2536915319239328e-05, "rc_connectivity": 0.1, "input_connectivity": 0.1}