{"reservoir_size": 1000, "spectral_radius": 1.1809409998673888, "noise_rc": 0.0, "leak_rate": 0.00012085647468405881, "seed": 1234, "warmup": 800, "ridge": 1.020842537301761e-05, "rc_connectivity": 0.1, "input_connectivity": 0.1}