{"reservoir_size": 1000, "spectral_radius": 1.028521634672022, "noise_rc": 0.0, "leak_rate": 0.05058078192128129, "seed": 1234, "warmup": 800, "ridge": 1.851247040687535e-05, "rc_connectivity": 0.1, "input_connectivity": 0.1}