{"reservoir_size": 1000, "spectral_radius": 0.3542659420615605, "noise_rc": 0.0, "leak_rate": 0.015869746205949997, "seed": 1234, "warmup": 800, "ridge": 4.0571883028398704e-06, "rc_connectivity": 0.001690536286709093, "input_connectivity": 0.2}