{"reservoir_size": 1000, "spectral_radius": 1.1411168802617584, "noise_rc": 0.0, "leak_rate": 0.00010376815885678976, "seed": 1234, "warmup": 800, "ridge": 0.03193535377917509, "rc_connectivity": 0.1, "input_connectivity": 0.1}