{"reservoir_size": 1000, "spectral_radius": 1.0192765477793244, "noise_rc": 0.0, "leak_rate": 0.03771486832618858, "seed": 1234, "warmup": 800, "ridge": 1.4012862121251964e-05, "rc_connectivity": 0.1, "input_connectivity": 0.1}