{"reservoir_size": 1000, "spectral_radius": 0.9631770750510918, "noise_rc": 0.0, "leak_rate": 0.05072826858808689, "seed": 1234, "warmup": 800, "ridge": 3.621713193658784e-05, "rc_connectivity": 0.1, "input_connectivity": 0.1}