{"reservoir_size": 1000, "spectral_radius": 1.0700471861761862, "noise_rc": 0.0, "leak_rate": 0.04800423803495412, "seed": 1234, "warmup": 800, "ridge": 5.404124666867616e-05, "rc_connectivity": 0.1, "input_connectivity": 0.1}