{"reservoir_size": 1000, "spectral_radius": 0.39277978773468647, "noise_rc": 0.0, "leak_rate": 0.002697183624473209, "seed": 1234, "warmup": 800, "ridge": 0.0004526832285420651, "rc_connectivity": 0.02074491616893107, "input_connectivity": 0.2}