{"reservoir_size": 1000, "spectral_radius": 0.9438024405567847, "noise_rc": 0.0, "leak_rate": 0.04840404670813225, "seed": 1234, "warmup": 800, "ridge": 2.8066533633523433e-05, "rc_connectivity": 0.1, "input_connectivity": 0.1}