{"reservoir_size": 1000, "spectral_radius": 1.015222464344773, "noise_rc": 0.0, "leak_rate": 0.05540544673773387, "seed": 1234, "warmup": 800, "ridge": 1.0042999380641508e-05, "rc_connectivity": 0.1, "input_connectivity": 0.1}