{"reservoir_size": 1000, "spectral_radius": 1.109845051827785, "noise_rc": 0.0, "leak_rate": 0.000268215930674877, "seed": 1234, "warmup": 800, "ridge": 5.044390277277098e-05, "rc_connectivity": 0.04916258189871169, "input_connectivity": 0.2}