{"reservoir_size": 1000, "spectral_radius": 0.31876931480529963, "noise_rc": 0.0, "leak_rate": 0.3418414362573619, "seed": 1234, "warmup": 800, "ridge": 2.5259499536114e-05, "rc_connectivity": 0.013807619990056676, "input_connectivity": 0.2}