{"reservoir_size": 1000, "spectral_radius": 1.0891157809203924, "noise_rc": 0.0, "leak_rate": 0.00021540463850792043, "seed": 1234, "warmup": 800, "ridge": 1.6718119104246944e-05, "rc_connectivity": 0.1, "input_connectivity": 0.1}