{"reservoir_size": 1000, "spectral_radius": 1.037993350503685, "noise_rc": 0.0, "leak_rate": 0.047716159853031, "seed": 1234, "warmup": 800, "ridge": 1.017253155744219e-05, "rc_connectivity": 0.1, "input_connectivity": 0.1}