{"reservoir_size": 1000, "spectral_radius": 0.9598844328742789, "noise_rc": 0.0, "leak_rate": 0.07028220650334663, "seed": 1234, "warmup": 800, "ridge": 1.229513085857e-05, "rc_connectivity": 0.1, "input_connectivity": 0.1}