{"reservoir_size": 1000, "spectral_radius": 0.9652666326205274, "noise_rc": 0.0, "leak_rate": 0.043717234145249764, "seed": 1234, "warmup": 800, "ridge": 2.8869589756922288e-05, "rc_connectivity": 0.1, "input_connectivity": 0.1}