{"reservoir_size": 1000, "spectral_radius": 1.006178127079281, "noise_rc": 0.0, "leak_rate": 0.049099605761360174, "seed": 1234, "warmup": 800, "ridge": 1.4450482329931482e-05, "rc_connectivity": 0.1, "input_connectivity": 0.1}