{"reservoir_size": 1000, "spectral_radius": 1.0727105255787157, "noise_rc": 0.0, "leak_rate": 0.044166791204989064, "seed": 1234, "warmup": 800, "ridge": 1.001623882510664e-05, "rc_connectivity": 0.1, "input_connectivity": 0.1}