{"reservoir_size": 1000, "spectral_radius": 1.0768299952071132, "noise_rc": 0.0, "leak_rate": 0.04172647534979437, "seed": 1234, "warmup": 800, "ridge": 1.7443028556674222e-05, "rc_connectivity": 0.1, "input_connectivity": 0.1}