{"reservoir_size": 1000, "spectral_radius": 1.0736362154385977, "noise_rc": 0.0, "leak_rate": 0.0407142272751184, "seed": 1234, "warmup": 800, "ridge": 1.0037874173247926e-05, "rc_connectivity": 0.1, "input_connectivity": 0.1}