{"reservoir_size": 1000, "spectral_radius": 1.0229176778196831, "noise_rc": 0.0, "leak_rate": 0.0021956151766491508, "seed": 1234, "warmup": 800, "ridge": 1.0423231929440327e-05, "rc_connectivity": 0.1, "input_connectivity": 0.1}