{"reservoir_size": 1000, "spectral_radius": 0.7882018570066343, "noise_rc": 0.0, "leak_rate": 0.11362121863539382, "seed": 1234, "warmup": 800, "ridge": 1.004839514306115e-06, "rc_connectivity": 0.04093957236906717, "input_connectivity": 0.2}