{"reservoir_size": 1000, "spectral_radius": 1.1105371248116753, "noise_rc": 0.0, "leak_rate": 0.06811768412427634, "seed": 1234, "warmup": 800, "ridge": 2.243731537277658e-05, "rc_connectivity": 0.1, "input_connectivity": 0.1}