{"reservoir_size": 1000, "spectral_radius": 1.0901081131006303, "noise_rc": 0.0, "leak_rate": 0.08605173131246334, "seed": 1234, "warmup": 800, "ridge": 1.7730086682426063e-05, "rc_connectivity": 0.1, "input_connectivity": 0.1}