{"reservoir_size": 1000, "spectral_radius": 0.9488746197464628, "noise_rc": 0.0, "leak_rate": 0.033798465780255305, "seed": 1234, "warmup": 800, "ridge": 3.394687405835184e-05, "rc_connectivity": 0.1, "input_connectivity": 0.1}