{"reservoir_size": 1000, "spectral_radius": 0.6381693289962604, "noise_rc": 0.0, "leak_rate": 0.05238423330180213, "seed": 1234, "warmup": 800, "ridge": 0.000249619913919771, "rc_connectivity": 0.1, "input_connectivity": 0.1}