{"reservoir_size": 1000, "spectral_radius": 1.013974628995917, "noise_rc": 0.0, "leak_rate": 0.05063284565599054, "seed": 1234, "warmup": 800, "ridge": 2.0831760784587046e-05, "rc_connectivity": 0.1, "input_connectivity": 0.1}