{"reservoir_size": 1000, "spectral_radius": 1.009075608663464, "noise_rc": 0.0, "leak_rate": 0.05848288953601998, "seed": 1234, "warmup": 800, "ridge": 2.4166203953996855e-05, "rc_connectivity": 0.1, "input_connectivity": 0.1}