{"reservoir_size": 1000, "spectral_radius": 1.2200676482079384, "noise_rc": 0.0, "leak_rate": 0.06753425472655442, "seed": 1234, "warmup": 800, "ridge": 1.9371307161337406e-05, "rc_connectivity": 0.1, "input_connectivity": 0.1}