{"reservoir_size": 1000, "spectral_radius": 1.0953742336268069, "noise_rc": 0.0, "leak_rate": 0.0564726554014746, "seed": 1234, "warmup": 800, "ridge": 1.873122778811859e-05, "rc_connectivity": 0.1, "input_connectivity": 0.1}