{"reservoir_size": 1000, "spectral_radius": 1.0088953815013395, "noise_rc": 0.0, "leak_rate": 0.029889973954929802, "seed": 1234, "warmup": 800, "ridge": 4.210352914205797e-05, "rc_connectivity": 0.1, "input_connectivity": 0.1}