{"reservoir_size": 1000, "spectral_radius": 1.0983102281982693, "noise_rc": 0.0, "leak_rate": 0.05404558705929005, "seed": 1234, "warmup": 800, "ridge": 1.0130716139480424e-05, "rc_connectivity": 0.1, "input_connectivity": 0.1}