{"reservoir_size": 1000, "spectral_radius": 0.9554259983978671, "noise_rc": 0.0, "leak_rate": 0.05360280223488632, "seed": 1234, "warmup": 800, "ridge": 1.4103685486615293e-05, "rc_connectivity": 0.1, "input_connectivity": 0.1}