{"reservoir_size": 1000, "spectral_radius": 0.3471148502447909, "noise_rc": 0.0, "leak_rate": 0.008814155573163281, "seed": 1234, "warmup": 800, "ridge": 0.029076010895892165, "rc_connectivity": 0.002008083636258525, "input_connectivity": 0.2}