{"reservoir_size": 1000, "spectral_radius": 0.9708558103619156, "noise_rc": 0.0, "leak_rate": 0.046970774646139586, "seed": 1234, "warmup": 800, "ridge": 1.4244197775665343e-05, "rc_connectivity": 0.1, "input_connectivity": 0.1}