{"reservoir_size": 1000, "spectral_radius": 0.9001089804124359, "noise_rc": 0.0, "leak_rate": 0.020683740395987565, "seed": 1234, "warmup": 800, "ridge": 1.031512095307841e-05, "rc_connectivity": 0.004440413064975788, "input_connectivity": 0.2}