{"reservoir_size": 1000, "spectral_radius": 1.0985359864301287, "noise_rc": 0.0, "leak_rate": 0.05793923651016654, "seed": 1234, "warmup": 800, "ridge": 1.2682736771881265e-05, "rc_connectivity": 0.1, "input_connectivity": 0.1}