{"reservoir_size": 1000, "spectral_radius": 1.038862048349729, "noise_rc": 0.0, "leak_rate": 0.053077494592758144, "seed": 1234, "warmup": 800, "ridge": 7.760695661545749e-05, "rc_connectivity": 0.1, "input_connectivity": 0.1}