{"reservoir_size": 1000, "spectral_radius": 1.1500617897107253, "noise_rc": 0.0, "leak_rate": 0.06753881683259513, "seed": 1234, "warmup": 800, "ridge": 1.390320005071676e-05, "rc_connectivity": 0.1, "input_connectivity": 0.1}