{"reservoir_size": 1000, "spectral_radius": 1.0822564600766886, "noise_rc": 0.0, "leak_rate": 0.01823881810618798, "seed": 1234, "warmup": 800, "ridge": 1.233855381642032e-05, "rc_connectivity": 0.1, "input_connectivity": 0.1}