{"reservoir_size": 1000, "spectral_radius": 0.6836220758098529, "noise_rc": 0.0, "leak_rate": 0.07698695186605058, "seed": 1234, "warmup": 800, "ridge": 2.4737662433916264e-05, "rc_connectivity": 0.1, "input_connectivity": 0.1}