{"reservoir_size": 1000, "spectral_radius": 1.6786324415494263, "noise_rc": 0.0, "leak_rate": 0.059753858995806035, "seed": 1234, "warmup": 800, "ridge": 0.6534088837943579, "rc_connectivity": 0.1, "input_connectivity": 0.1}