{"reservoir_size": 1000, "spectral_radius": 1.1165579343146665, "noise_rc": 0.0, "leak_rate": 0.07145466815091887, "seed": 1234, "warmup": 800, "ridge": 1.4378147267758062e-05, "rc_connectivity": 0.1, "input_connectivity": 0.1}