{"reservoir_size": 1000, "spectral_radius": 1.1010726293077298, "noise_rc": 0.0, "leak_rate": 0.0713771494526714, "seed": 1234, "warmup": 800, "ridge": 1.0414907586751186e-05, "rc_connectivity": 0.1, "input_connectivity": 0.1}