{"reservoir_size": 1000, "spectral_radius": 1.0106865652425352, "noise_rc": 0.0, "leak_rate": 0.047623072484324104, "seed": 1234, "warmup": 800, "ridge": 1.01280317905869e-05, "rc_connectivity": 0.1, "input_connectivity": 0.1}