{"reservoir_size": 1000, "spectral_radius": 1.0773461717632813, "noise_rc": 0.0, "leak_rate": 0.044531853989180414, "seed": 1234, "warmup": 800, "ridge": 1.289005940043878e-05, "rc_connectivity": 0.1, "input_connectivity": 0.1}