{"reservoir_size": 1000, "spectral_radius": 1.0142560340757951, "noise_rc": 0.0, "leak_rate": 0.09090863045057739, "seed": 1234, "warmup": 800, "ridge": 2.5637880645360402e-05, "rc_connectivity": 0.1, "input_connectivity": 0.1}