{"reservoir_size": 1000, "spectral_radius": 1.0087326796172853, "noise_rc": 0.0, "leak_rate": 0.00035324344115018923, "seed": 1234, "warmup": 800, "ridge": 1.5586269604159696e-05, "rc_connectivity": 0.1, "input_connectivity": 0.1}