{"reservoir_size": 1000, "spectral_radius": 1.0579197924627166, "noise_rc": 0.0, "leak_rate": 0.05021555199089576, "seed": 1234, "warmup": 800, "ridge": 1.769024115573963e-05, "rc_connectivity": 0.1, "input_connectivity": 0.1}