{"reservoir_size": 1000, "spectral_radius": 1.1724926935851367, "noise_rc": 0.0, "leak_rate": 0.06256676835750052, "seed": 1234, "warmup": 800, "ridge": 1.0267002206622008e-05, "rc_connectivity": 0.1, "input_connectivity": 0.1}