{"reservoir_size": 1000, "spectral_radius": 1.4722896063885185, "noise_rc": 0.0, "leak_rate": 0.0023277710783015187, "seed": 1234, "warmup": 800, "ridge": 0.010526904729190474, "rc_connectivity": 0.37068747891791576, "input_connectivity": 0.2}