{"reservoir_size": 1000, "spectral_radius": 0.9141835620926344, "noise_rc": 0.0, "leak_rate": 0.02624878957956048, "seed": 1234, "warmup": 800, "ridge": 0.0002479953660962775, "rc_connectivity": 0.3008897905031935, "input_connectivity": 0.2}