{"reservoir_size": 1000, "spectral_radius": 0.9921022230215863, "noise_rc": 0.0, "leak_rate": 0.048096579740691266, "seed": 1234, "warmup": 800, "ridge": 2.1730692965706735e-05, "rc_connectivity": 0.1, "input_connectivity": 0.1}