{"reservoir_size": 1000, "spectral_radius": 1.039804975157264, "noise_rc": 0.0, "leak_rate": 0.04853405417756167, "seed": 1234, "warmup": 800, "ridge": 0.002818115668779484, "rc_connectivity": 0.1, "input_connectivity": 0.1}