{"reservoir_size": 1000, "spectral_radius": 1.0759676792225656, "noise_rc": 0.0, "leak_rate": 0.061037126433256005, "seed": 1234, "warmup": 800, "ridge": 1.237359981731932e-05, "rc_connectivity": 0.1, "input_connectivity": 0.1}