{"reservoir_size": 1000, "spectral_radius": 1.1311074781988408, "noise_rc": 0.0, "leak_rate": 0.047073002032096696, "seed": 1234, "warmup": 800, "ridge": 1.7746710465581863e-05, "rc_connectivity": 0.1, "input_connectivity": 0.1}