{"reservoir_size": 1000, "spectral_radius": 1.3673986680010466, "noise_rc": 0.0, "leak_rate": 0.015306157393363143, "seed": 1234, "warmup": 800, "ridge": 1.051047221273965e-05, "rc_connectivity": 0.1, "input_connectivity": 0.1}