{"reservoir_size": 1000, "spectral_radius": 1.09313417444813, "noise_rc": 0.0, "leak_rate": 0.05012504413953309, "seed": 1234, "warmup": 800, "ridge": 1.4556517333327431e-05, "rc_connectivity": 0.1, "input_connectivity": 0.1}