{"reservoir_size": 1000, "spectral_radius": 1.0027709678174725, "noise_rc": 0.0, "leak_rate": 0.044879867160533916, "seed": 1234, "warmup": 800, "ridge": 3.882922132769205e-05, "rc_connectivity": 0.1, "input_connectivity": 0.1}