{"reservoir_size": 1000, "spectral_radius": 1.1569478986092716, "noise_rc": 0.0, "leak_rate": 0.057350891510755904, "seed": 1234, "warmup": 800, "ridge": 1.8166434942673422e-05, "rc_connectivity": 0.1, "input_connectivity": 0.1}