{"reservoir_size": 1000, "spectral_radius": 1.0700710991940228, "noise_rc": 0.0, "leak_rate": 0.06331518599220941, "seed": 1234, "warmup": 800, "ridge": 1.7150423801843608e-05, "rc_connectivity": 0.1, "input_connectivity": 0.1}