{"reservoir_size": 1000, "spectral_radius": 1.099332259905359, "noise_rc": 0.0, "leak_rate": 0.05654914234641572, "seed": 1234, "warmup": 800, "ridge": 0.0001084288560827862, "rc_connectivity": 0.1, "input_connectivity": 0.1}