{"reservoir_size": 1000, "spectral_radius": 0.9622928670945413, "noise_rc": 0.0, "leak_rate": 0.056490656139413016, "seed": 1234, "warmup": 800, "ridge": 1.7123654598705406e-05, "rc_connectivity": 0.1, "input_connectivity": 0.1}