{"reservoir_size": 1000, "spectral_radius": 1.1530081458748478, "noise_rc": 0.0, "leak_rate": 0.050301688962959994, "seed": 1234, "warmup": 800, "ridge": 1.616327727108901e-05, "rc_connectivity": 0.1, "input_connectivity": 0.1}