{"reservoir_size": 1000, "spectral_radius": 0.9694403528317586, "noise_rc": 0.0, "leak_rate": 0.038160866139875974, "seed": 1234, "warmup": 800, "ridge": 3.7185356572097e-05, "rc_connectivity": 0.1, "input_connectivity": 0.1}