{"reservoir_size": 1000, "spectral_radius": 0.8180051842094275, "noise_rc": 0.0, "leak_rate": 0.06207130743139435, "seed": 1234, "warmup": 800, "ridge": 1.7497776444828563e-05, "rc_connectivity": 0.1, "input_connectivity": 0.1}