{"reservoir_size": 1000, "spectral_radius": 1.0259168427315206, "noise_rc": 0.0, "leak_rate": 0.03468377350748963, "seed": 1234, "warmup": 800, "ridge": 1.4045329295422563e-05, "rc_connectivity": 0.1, "input_connectivity": 0.1}