{"reservoir_size": 1000, "spectral_radius": 1.0468887744946487, "noise_rc": 0.0, "leak_rate": 0.050345534011833934, "seed": 1234, "warmup": 800, "ridge": 7.682376841901152e-05, "rc_connectivity": 0.1, "input_connectivity": 0.1}