{"reservoir_size": 1000, "spectral_radius": 1.0477628039314275, "noise_rc": 0.0, "leak_rate": 0.04450462766819897, "seed": 1234, "warmup": 800, "ridge": 1.2348565846645003e-05, "rc_connectivity": 0.1, "input_connectivity": 0.1}