{"reservoir_size": 1000, "spectral_radius": 1.6564647554542045, "noise_rc": 0.0, "leak_rate": 0.10204842358682535, "seed": 1234, "warmup": 800, "ridge": 2.222897237319388e-05, "rc_connectivity": 0.00287592511798721, "input_connectivity": 0.2}