{"reservoir_size": 1000, "spectral_radius": 0.9791944769251827, "noise_rc": 0.0, "leak_rate": 0.05363311400900079, "seed": 1234, "warmup": 800, "ridge": 0.0013125430194264273, "rc_connectivity": 0.1, "input_connectivity": 0.1}