{"reservoir_size": 1000, "spectral_radius": 0.9373321947330239, "noise_rc": 0.0, "leak_rate": 0.046089131456992144, "seed": 1234, "warmup": 800, "ridge": 2.8946255303119696e-05, "rc_connectivity": 0.1, "input_connectivity": 0.1}