{"reservoir_size": 1000, "spectral_radius": 0.9655935266329344, "noise_rc": 0.0, "leak_rate": 0.06704296013468353, "seed": 1234, "warmup": 800, "ridge": 0.008782587156697432, "rc_connectivity": 0.1, "input_connectivity": 0.1}