{"reservoir_size": 1000, "spectral_radius": 1.0677097011836778, "noise_rc": 0.0, "leak_rate": 0.0782763978722784, "seed": 1234, "warmup": 800, "ridge": 1.4580252532112835e-05, "rc_connectivity": 0.1, "input_connectivity": 0.1}