{"reservoir_size": 1000, "spectral_radius": 1.148229495465147, "noise_rc": 0.0, "leak_rate": 0.05689354968063881, "seed": 1234, "warmup": 800, "ridge": 1.0101454417387234e-05, "rc_connectivity": 0.1, "input_connectivity": 0.1}