{"reservoir_size": 1000, "spectral_radius": 1.1034343802427862, "noise_rc": 0.0, "leak_rate": 0.08417489381677348, "seed": 1234, "warmup": 800, "ridge": 1.4416329460240928e-05, "rc_connectivity": 0.1, "input_connectivity": 0.1}