{"reservoir_size": 1000, "spectral_radius": 1.0680267242149237, "noise_rc": 0.0, "leak_rate": 0.055742694813805595, "seed": 1234, "warmup": 800, "ridge": 1.003452744354592e-05, "rc_connectivity": 0.1, "input_connectivity": 0.1}