{"reservoir_size": 1000, "spectral_radius": 1.0100254879453414, "noise_rc": 0.0, "leak_rate": 0.05149951388928977, "seed": 1234, "warmup": 800, "ridge": 0.00016821187621396055, "rc_connectivity": 0.1, "input_connectivity": 0.1}