{"reservoir_size": 1000, "spectral_radius": 0.7396592715525705, "noise_rc": 0.0, "leak_rate": 0.027350707500605195, "seed": 1234, "warmup": 800, "ridge": 2.3685452930948875e-05, "rc_connectivity": 0.07838584011428723, "input_connectivity": 0.2}