{"reservoir_size": 1000, "spectral_radius": 1.0023253652930628, "noise_rc": 0.0, "leak_rate": 0.050011204621390706, "seed": 1234, "warmup": 800, "ridge": 1.2564879964165049e-05, "rc_connectivity": 0.1, "input_connectivity": 0.1}