{"reservoir_size": 1000, "spectral_radius": 1.0121285956588226, "noise_rc": 0.0, "leak_rate": 0.05219767781216482, "seed": 1234, "warmup": 800, "ridge": 6.781192638298185e-05, "rc_connectivity": 0.1, "input_connectivity": 0.1}