{"reservoir_size": 1000, "spectral_radius": 0.9500922227129966, "noise_rc": 0.0, "leak_rate": 0.0474009957847589, "seed": 1234, "warmup": 800, "ridge": 3.6525788562264484e-05, "rc_connectivity": 0.1, "input_connectivity": 0.1}