{"reservoir_size": 1000, "spectral_radius": 1.056692511265121, "noise_rc": 0.0, "leak_rate": 0.040846569210224615, "seed": 1234, "warmup": 800, "ridge": 1.747672790818603e-05, "rc_connectivity": 0.1, "input_connectivity": 0.1}