{"reservoir_size": 1000, "spectral_radius": 1.0535323153979577, "noise_rc": 0.0, "leak_rate": 0.05541465794948713, "seed": 1234, "warmup": 800, "ridge": 1.8900043679373248e-05, "rc_connectivity": 0.1, "input_connectivity": 0.1}