{"reservoir_size": 1000, "spectral_radius": 1.157311627563178, "noise_rc": 0.0, "leak_rate": 0.06563233316988827, "seed": 1234, "warmup": 800, "ridge": 0.00024046343055018435, "rc_connectivity": 0.1, "input_connectivity": 0.1}