{"reservoir_size": 1000, "spectral_radius": 0.9725882037712784, "noise_rc": 0.0, "leak_rate": 0.044468381361089736, "seed": 1234, "warmup": 800, "ridge": 1.5618872734233563e-05, "rc_connectivity": 0.1, "input_connectivity": 0.1}