{"reservoir_size": 1000, "spectral_radius": 1.0177654136618046, "noise_rc": 0.0, "leak_rate": 0.04475277839866795, "seed": 1234, "warmup": 800, "ridge": 1.8464735563534427e-05, "rc_connectivity": 0.1, "input_connectivity": 0.1}