{"reservoir_size": 1000, "spectral_radius": 1.0108144766905631, "noise_rc": 0.0, "leak_rate": 0.04343408933390909, "seed": 1234, "warmup": 800, "ridge": 1.4539849623092639e-05, "rc_connectivity": 0.1, "input_connectivity": 0.1}