{"reservoir_size": 1000, "spectral_radius": 1.1979006144036792, "noise_rc": 0.0, "leak_rate": 0.04715949616005314, "seed": 1234, "warmup": 800, "ridge": 1.2496771040963366e-05, "rc_connectivity": 0.1, "input_connectivity": 0.1}