{"reservoir_size": 1000, "spectral_radius": 1.1081295968817781, "noise_rc": 0.0, "leak_rate": 0.097850170909194, "seed": 1234, "warmup": 800, "ridge": 1.0048571697030346e-05, "rc_connectivity": 0.1, "input_connectivity": 0.1}