{"reservoir_size": 1000, "spectral_radius": 1.1548751198114182, "noise_rc": 0.0, "leak_rate": 0.033364031166204136, "seed": 1234, "warmup": 800, "ridge": 4.444252393867751e-05, "rc_connectivity": 0.1, "input_connectivity": 0.1}