{"reservoir_size": 1000, "spectral_radius": 0.9948555547491084, "noise_rc": 0.0, "leak_rate": 0.055174880884424064, "seed": 1234, "warmup": 800, "ridge": 1.0046396848517303e-05, "rc_connectivity": 0.1, "input_connectivity": 0.1}