{"reservoir_size": 1000, "spectral_radius": 0.8801823019573414, "noise_rc": 0.0, "leak_rate": 0.04505440504200282, "seed": 1234, "warmup": 800, "ridge": 4.284090299793336e-05, "rc_connectivity": 0.1, "input_connectivity": 0.1}