{"reservoir_size": 1000, "spectral_radius": 1.1148401775182724, "noise_rc": 0.0, "leak_rate": 0.05391359611781873, "seed": 1234, "warmup": 800, "ridge": 1.6212402437138918e-05, "rc_connectivity": 0.1, "input_connectivity": 0.1}