{"reservoir_size": 1000, "spectral_radius": 0.32223151164256625, "noise_rc": 0.0, "leak_rate": 0.01866866161855818, "seed": 1234, "warmup": 800, "ridge": 1.5474504108543516e-06, "rc_connectivity": 0.003028867955803851, "input_connectivity": 0.2}