{"reservoir_size": 1000, "spectral_radius": 0.9797942099561943, "noise_rc": 0.0, "leak_rate": 0.02959596364037542, "seed": 1234, "warmup": 800, "ridge": 0.00018728874767975519, "rc_connectivity": 0.1, "input_connectivity": 0.1}