{"reservoir_size": 1000, "spectral_radius": 1.1235185561666652, "noise_rc": 0.0, "leak_rate": 0.057354443755781664, "seed": 1234, "warmup": 800, "ridge": 1.0123287958534348e-05, "rc_connectivity": 0.1, "input_connectivity": 0.1}