{"reservoir_size": 1000, "spectral_radius": 0.959104050331471, "noise_rc": 0.0, "leak_rate": 0.04767055784683739, "seed": 1234, "warmup": 800, "ridge": 3.4834403120687756e-05, "rc_connectivity": 0.1, "input_connectivity": 0.1}