{"reservoir_size": 1000, "spectral_radius": 1.1636780710413128, "noise_rc": 0.0, "leak_rate": 0.0524188108953314, "seed": 1234, "warmup": 800, "ridge": 1.2234031983796974e-05, "rc_connectivity": 0.1, "input_connectivity": 0.1}