{"reservoir_size": 1000, "spectral_radius": 1.1307851048737965, "noise_rc": 0.0, "leak_rate": 0.07814874698429253, "seed": 1234, "warmup": 800, "ridge": 1.232529111646318e-05, "rc_connectivity": 0.1, "input_connectivity": 0.1}