{"reservoir_size": 1000, "spectral_radius": 0.9432514907528683, "noise_rc": 0.0, "leak_rate": 0.04050201153625054, "seed": 1234, "warmup": 800, "ridge": 1.922583045858342e-05, "rc_connectivity": 0.1, "input_connectivity": 0.1}