{"reservoir_size": 1000, "spectral_radius": 1.176820054273157, "noise_rc": 0.0, "leak_rate": 0.04989510115997086, "seed": 1234, "warmup": 800, "ridge": 1.2733685701771498e-05, "rc_connectivity": 0.1, "input_connectivity": 0.1}