{"reservoir_size": 1000, "spectral_radius": 0.9995241847085847, "noise_rc": 0.0, "leak_rate": 0.04693605128768109, "seed": 1234, "warmup": 800, "ridge": 1.4695323236523314e-05, "rc_connectivity": 0.1, "input_connectivity": 0.1}