{"reservoir_size": 1000, "spectral_radius": 1.1081409555876118, "noise_rc": 0.0, "leak_rate": 0.06493835258006547, "seed": 1234, "warmup": 800, "ridge": 0.03492592986391346, "rc_connectivity": 0.1, "input_connectivity": 0.1}