{"reservoir_size": 1000, "spectral_radius": 1.0430931682784133, "noise_rc": 0.0, "leak_rate": 0.07519363035442587, "seed": 1234, "warmup": 800, "ridge": 2.357922499682618e-05, "rc_connectivity": 0.1, "input_connectivity": 0.1}