{"reservoir_size": 1000, "spectral_radius": 1.0904496949610554, "noise_rc": 0.0, "leak_rate": 0.07401582423279568, "seed": 1234, "warmup": 800, "ridge": 1.2223975343610167e-05, "rc_connectivity": 0.1, "input_connectivity": 0.1}