{"reservoir_size": 1000, "spectral_radius": 0.4195237768569657, "noise_rc": 0.0, "leak_rate": 0.02467831113808189, "seed": 1234, "warmup": 800, "ridge": 2.4720257931222805e-05, "rc_connectivity": 0.003733970322149803, "input_connectivity": 0.2}