{"reservoir_size": 1000, "spectral_radius": 1.034024580360864, "noise_rc": 0.0, "leak_rate": 0.06455817431284783, "seed": 1234, "warmup": 800, "ridge": 1.0079853942047665e-05, "rc_connectivity": 0.1, "input_connectivity": 0.1}