{"reservoir_size": 1000, "spectral_radius": 1.005810071139639, "noise_rc": 0.0, "leak_rate": 0.0484953783593325, "seed": 1234, "warmup": 800, "ridge": 4.0631487838168575e-05, "rc_connectivity": 0.1, "input_connectivity": 0.1}