{"reservoir_size": 1000, "spectral_radius": 0.9298368603689522, "noise_rc": 0.0, "leak_rate": 0.031579795700544165, "seed": 1234, "warmup": 800, "ridge": 1.774370047339942e-05, "rc_connectivity": 0.1, "input_connectivity": 0.1}