{"reservoir_size": 1000, "spectral_radius": 1.1022462795141494, "noise_rc": 0.0, "leak_rate": 0.033165880504758445, "seed": 1234, "warmup": 800, "ridge": 1.728684038104274e-05, "rc_connectivity": 0.1, "input_connectivity": 0.1}