{"reservoir_size": 1000, "spectral_radius": 0.9377030429011372, "noise_rc": 0.0, "leak_rate": 0.0555032957288012, "seed": 1234, "warmup": 800, "ridge": 1.642507280674475e-05, "rc_connectivity": 0.1, "input_connectivity": 0.1}