{"reservoir_size": 1000, "spectral_radius": 1.023438799416805, "noise_rc": 0.0, "leak_rate": 0.032371163403174204, "seed": 1234, "warmup": 800, "ridge": 0.0001797662759073902, "rc_connectivity": 0.1, "input_connectivity": 0.1}