{"reservoir_size": 1000, "spectral_radius": 1.1012149658820207, "noise_rc": 0.0, "leak_rate": 0.12982323589068004, "seed": 1234, "warmup": 800, "ridge": 0.0006294556713452159, "rc_connectivity": 0.08995226549231748, "input_connectivity": 0.2}