{"reservoir_size": 1000, "spectral_radius": 0.9805459097816555, "noise_rc": 0.0, "leak_rate": 0.06692857397804482, "seed": 1234, "warmup": 800, "ridge": 2.2612011729464666e-05, "rc_connectivity": 0.1, "input_connectivity": 0.1}