{"reservoir_size": 1000, "spectral_radius": 0.9711126506673273, "noise_rc": 0.0, "leak_rate": 0.0498777544794855, "seed": 1234, "warmup": 800, "ridge": 1.0054730159348015e-05, "rc_connectivity": 0.1, "input_connectivity": 0.1}