{"reservoir_size": 1000, "spectral_radius": 1.0780867206110845, "noise_rc": 0.0, "leak_rate": 0.06873211988937176, "seed": 1234, "warmup": 800, "ridge": 1.249186844375293e-05, "rc_connectivity": 0.1, "input_connectivity": 0.1}