{"reservoir_size": 1000, "spectral_radius": 0.9811083558782222, "noise_rc": 0.0, "leak_rate": 0.05725300434712679, "seed": 1234, "warmup": 800, "ridge": 2.6523437299947566e-05, "rc_connectivity": 0.1, "input_connectivity": 0.1}