{"reservoir_size": 1000, "spectral_radius": 1.3896548689874153, "noise_rc": 0.0, "leak_rate": 0.007905702207548299, "seed": 1234, "warmup": 800, "ridge": 6.36155558765782e-05, "rc_connectivity": 0.003028744706580287, "input_connectivity": 0.2}