{"reservoir_size": 1000, "spectral_radius": 1.0948317447906284, "noise_rc": 0.0, "leak_rate": 0.05060113316059687, "seed": 1234, "warmup": 800, "ridge": 1.008698816634637e-05, "rc_connectivity": 0.1, "input_connectivity": 0.1}