{"reservoir_size": 1000, "spectral_radius": 1.1166312566682288, "noise_rc": 0.0, "leak_rate": 0.062303668540873165, "seed": 1234, "warmup": 800, "ridge": 2.2622525311985895e-05, "rc_connectivity": 0.1, "input_connectivity": 0.1}