{"reservoir_size": 1000, "spectral_radius": 1.1263038734531303, "noise_rc": 0.0, "leak_rate": 0.037250943705390636, "seed": 1234, "warmup": 800, "ridge": 1.0228837278008352e-05, "rc_connectivity": 0.1, "input_connectivity": 0.1}