{"reservoir_size": 1000, "spectral_radius": 1.0217411302525707, "noise_rc": 0.0, "leak_rate": 0.057165896871698214, "seed": 1234, "warmup": 800, "ridge": 1.234083099211711e-05, "rc_connectivity": 0.1, "input_connectivity": 0.1}