{"reservoir_size": 1000, "spectral_radius": 1.1765024347006647, "noise_rc": 0.0, "leak_rate": 0.07022349711747455, "seed": 1234, "warmup": 800, "ridge": 1.0621789654138163e-05, "rc_connectivity": 0.1, "input_connectivity": 0.1}