{"reservoir_size": 1000, "spectral_radius": 0.9242311884703706, "noise_rc": 0.0, "leak_rate": 0.0707250185537827, "seed": 1234, "warmup": 800, "ridge": 3.753950752697157e-05, "rc_connectivity": 0.1, "input_connectivity": 0.1}