{"reservoir_size": 1000, "spectral_radius": 1.0823644285338392, "noise_rc": 0.0, "leak_rate": 0.08690165544841275, "seed": 1234, "warmup": 800, "ridge": 1.8544701603988917e-05, "rc_connectivity": 0.1, "input_connectivity": 0.1}