{"reservoir_size": 1000, "spectral_radius": 0.9362717159125105, "noise_rc": 0.0, "leak_rate": 0.04361680004961238, "seed": 1234, "warmup": 800, "ridge": 3.936037306656523e-05, "rc_connectivity": 0.1, "input_connectivity": 0.1}