{"reservoir_size": 1000, "spectral_radius": 1.0445205797411385, "noise_rc": 0.0, "leak_rate": 0.05877221167302483, "seed": 1234, "warmup": 800, "ridge": 1.0000891602978128e-05, "rc_connectivity": 0.1, "input_connectivity": 0.1}