{"reservoir_size": 1000, "spectral_radius": 1.4573384990315268, "noise_rc": 0.0, "leak_rate": 0.06929245777639462, "seed": 1234, "warmup": 800, "ridge": 2.7957633319275678e-05, "rc_connectivity": 0.003414773770717932, "input_connectivity": 0.2}