{"reservoir_size": 1000, "spectral_radius": 1.1277050650203384, "noise_rc": 0.0, "leak_rate": 0.0673037358186177, "seed": 1234, "warmup": 800, "ridge": 1.6938899046451394e-05, "rc_connectivity": 0.1, "input_connectivity": 0.1}