{"reservoir_size": 1000, "spectral_radius": 1.1233906228260464, "noise_rc": 0.0, "leak_rate": 0.06793662019577631, "seed": 1234, "warmup": 800, "ridge": 1.277661204870295e-05, "rc_connectivity": 0.1, "input_connectivity": 0.1}