{"reservoir_size": 1000, "spectral_radius": 1.1569718644772993, "noise_rc": 0.0, "leak_rate": 0.05546808151677749, "seed": 1234, "warmup": 800, "ridge": 1.7912932942242236e-05, "rc_connectivity": 0.1, "input_connectivity": 0.1}