{"reservoir_size": 1000, "spectral_radius": 1.0670638914346757, "noise_rc": 0.0, "leak_rate": 0.056218312290972176, "seed": 1234, "warmup": 800, "ridge": 1.853559017210027e-05, "rc_connectivity": 0.1, "input_connectivity": 0.1}