{"reservoir_size": 1000, "spectral_radius": 1.502383279253808, "noise_rc": 0.0, "leak_rate": 0.048096795883513635, "seed": 1234, "warmup": 800, "ridge": 0.01039834416295882, "rc_connectivity": 0.1, "input_connectivity": 0.1}