{"reservoir_size": 1000, "spectral_radius": 1.2273954807493248, "noise_rc": 0.0, "leak_rate": 0.09300586248668916, "seed": 1234, "warmup": 800, "ridge": 7.807927238658944e-06, "rc_connectivity": 0.004694103276892001, "input_connectivity": 0.2}