{"reservoir_size": 1000, "spectral_radius": 1.1035864377943376, "noise_rc": 0.0, "leak_rate": 0.06854666417658868, "seed": 1234, "warmup": 800, "ridge": 2.0482389631733885e-05, "rc_connectivity": 0.1, "input_connectivity": 0.1}