{"reservoir_size": 1000, "spectral_radius": 0.9912913811777097, "noise_rc": 0.0, "leak_rate": 0.000425001779544771, "seed": 1234, "warmup": 800, "ridge": 2.568744886493348e-05, "rc_connectivity": 0.1, "input_connectivity": 0.1}