{"reservoir_size": 1000, "spectral_radius": 1.0592533251667167, "noise_rc": 0.0, "leak_rate": 0.0448317949105119, "seed": 1234, "warmup": 800, "ridge": 1.2249437896324898e-05, "rc_connectivity": 0.1, "input_connectivity": 0.1}