{"reservoir_size": 1000, "spectral_radius": 1.0915970007395908, "noise_rc": 0.0, "leak_rate": 0.05281221892848234, "seed": 1234, "warmup": 800, "ridge": 1.2632999046583922e-05, "rc_connectivity": 0.1, "input_connectivity": 0.1}