{"reservoir_size": 1000, "spectral_radius": 0.6410498665771406, "noise_rc": 0.0, "leak_rate": 0.00026291184123237386, "seed": 1234, "warmup": 800, "ridge": 1.045926988641041e-06, "rc_connectivity": 0.007714477389819532, "input_connectivity": 0.2}