{"reservoir_size": 1000, "spectral_radius": 1.0014126748229826, "noise_rc": 0.0, "leak_rate": 0.054740187112233996, "seed": 1234, "warmup": 800, "ridge": 1.4902797641562069e-05, "rc_connectivity": 0.1, "input_connectivity": 0.1}