{"reservoir_size": 1000, "spectral_radius": 0.9558452174807274, "noise_rc": 0.0, "leak_rate": 0.05790763558612381, "seed": 1234, "warmup": 800, "ridge": 1.683532377080987e-05, "rc_connectivity": 0.1, "input_connectivity": 0.1}