{"reservoir_size": 1000, "spectral_radius": 1.09524426071104, "noise_rc": 0.0, "leak_rate": 0.038303824289749044, "seed": 1234, "warmup": 800, "ridge": 1.724376293820391e-05, "rc_connectivity": 0.1, "input_connectivity": 0.1}