{"reservoir_size": 1000, "spectral_radius": 1.4885512979315998, "noise_rc": 0.0, "leak_rate": 0.08596232176168238, "seed": 1234, "warmup": 800, "ridge": 0.07670963600747155, "rc_connectivity": 0.1, "input_connectivity": 0.1}