{"reservoir_size": 1000, "spectral_radius": 1.0112190063206479, "noise_rc": 0.0, "leak_rate": 0.055353230865537464, "seed": 1234, "warmup": 800, "ridge": 0.00016224927611061552, "rc_connectivity": 0.1, "input_connectivity": 0.1}