{"reservoir_size": 1000, "spectral_radius": 1.140364587734481, "noise_rc": 0.0, "leak_rate": 0.06358151677559179, "seed": 1234, "warmup": 800, "ridge": 1.5841195312272516e-05, "rc_connectivity": 0.1, "input_connectivity": 0.1}