{"reservoir_size": 1000, "spectral_radius": 0.9909206023569429, "noise_rc": 0.0, "leak_rate": 0.046599859446934504, "seed": 1234, "warmup": 800, "ridge": 1.2821889967335033e-05, "rc_connectivity": 0.1, "input_connectivity": 0.1}