{"reservoir_size": 1000, "spectral_radius": 1.11477313360668, "noise_rc": 0.0, "leak_rate": 0.06732840408790022, "seed": 1234, "warmup": 800, "ridge": 1.2132506813793129e-05, "rc_connectivity": 0.1, "input_connectivity": 0.1}