{"reservoir_size": 1000, "spectral_radius": 1.160902759508652, "noise_rc": 0.0, "leak_rate": 0.32545555512044755, "seed": 1234, "warmup": 800, "ridge": 2.581908385143076e-05, "rc_connectivity": 0.9541612760222324, "input_connectivity": 0.2}