{"reservoir_size": 1000, "spectral_radius": 0.6531861125918107, "noise_rc": 0.0, "leak_rate": 0.04212859806620876, "seed": 1234, "warmup": 800, "ridge": 3.2986070382347356e-05, "rc_connectivity": 0.1, "input_connectivity": 0.1}