{"reservoir_size": 1000, "spectral_radius": 1.04280322460203, "noise_rc": 0.0, "leak_rate": 0.04898451737376998, "seed": 1234, "warmup": 800, "ridge": 1.2736102545516576e-05, "rc_connectivity": 0.1, "input_connectivity": 0.1}