{"reservoir_size": 1000, "spectral_radius": 1.0374291029072003, "noise_rc": 0.0, "leak_rate": 0.0524188202580756, "seed": 1234, "warmup": 800, "ridge": 1.855936826862861e-05, "rc_connectivity": 0.1, "input_connectivity": 0.1}