{"reservoir_size": 1000, "spectral_radius": 1.0611203352207443, "noise_rc": 0.0, "leak_rate": 0.01294694759291571, "seed": 1234, "warmup": 800, "ridge": 1.0053564925449883e-05, "rc_connectivity": 0.1, "input_connectivity": 0.1}