{"reservoir_size": 1000, "spectral_radius": 0.8633839832059074, "noise_rc": 0.0, "leak_rate": 0.0005053458891196346, "seed": 1234, "warmup": 800, "ridge": 0.00011813360121006867, "rc_connectivity": 0.1, "input_connectivity": 0.1}