{"reservoir_size": 1000, "spectral_radius": 1.5035131761647371, "noise_rc": 0.0, "leak_rate": 0.06726592221196862, "seed": 1234, "warmup": 800, "ridge": 1.868178766433151e-05, "rc_connectivity": 0.0032138742882300165, "input_connectivity": 0.2}