{"reservoir_size": 1000, "spectral_radius": 1.0403591208784384, "noise_rc": 0.0, "leak_rate": 0.06480884115461642, "seed": 1234, "warmup": 800, "ridge": 9.212834630676703e-05, "rc_connectivity": 0.1, "input_connectivity": 0.1}