{"reservoir_size": 1000, "spectral_radius": 1.0483801361624836, "noise_rc": 0.0, "leak_rate": 0.07409244630977388, "seed": 1234, "warmup": 800, "ridge": 1.3988871244747612e-05, "rc_connectivity": 0.1, "input_connectivity": 0.1}