{"reservoir_size": 1000, "spectral_radius": 0.6046290738049428, "noise_rc": 0.0, "leak_rate": 0.07589860537765422, "seed": 1234, "warmup": 800, "ridge": 1.3845030008712927e-06, "rc_connectivity": 0.010126058158880676, "input_connectivity": 0.2}