{"reservoir_size": 1000, "spectral_radius": 0.9916863221572977, "noise_rc": 0.0, "leak_rate": 0.04626723999858584, "seed": 1234, "warmup": 800, "ridge": 1.2147307329508934e-05, "rc_connectivity": 0.1, "input_connectivity": 0.1}