{"reservoir_size": 1000, "spectral_radius": 0.961511100576211, "noise_rc": 0.0, "leak_rate": 0.044153953236388654, "seed": 1234, "warmup": 800, "ridge": 2.151784508925083e-05, "rc_connectivity": 0.1, "input_connectivity": 0.1}