{"reservoir_size": 1000, "spectral_radius": 1.0471882585067311, "noise_rc": 0.0, "leak_rate": 0.042114377157472176, "seed": 1234, "warmup": 800, "ridge": 1.5065554397532846e-05, "rc_connectivity": 0.1, "input_connectivity": 0.1}