{"reservoir_size": 1000, "spectral_radius": 1.0964089050121084, "noise_rc": 0.0, "leak_rate": 0.04698785543405266, "seed": 1234, "warmup": 800, "ridge": 0.00021955800413322763, "rc_connectivity": 0.1, "input_connectivity": 0.1}