{"reservoir_size": 1000, "spectral_radius": 0.6222619510909858, "noise_rc": 0.0, "leak_rate": 0.00017117002053053835, "seed": 1234, "warmup": 800, "ridge": 1.6045053038848073e-05, "rc_connectivity": 0.1, "input_connectivity": 0.1}