{"reservoir_size": 1000, "spectral_radius": 0.9949530251076442, "noise_rc": 0.0, "leak_rate": 0.15039089589028465, "seed": 1234, "warmup": 800, "ridge": 0.0001183938261215007, "rc_connectivity": 0.15364716548127283, "input_connectivity": 0.2}