{"reservoir_size": 1000, "spectral_radius": 0.97794197982157, "noise_rc": 0.0, "leak_rate": 0.041740753538887836, "seed": 1234, "warmup": 800, "ridge": 0.0002746886216631336, "rc_connectivity": 0.1, "input_connectivity": 0.1}