{"reservoir_size": 1000, "spectral_radius": 0.9840012843293827, "noise_rc": 0.0, "leak_rate": 0.005994106099323079, "seed": 1234, "warmup": 800, "ridge": 1.2449098229597427e-05, "rc_connectivity": 0.1, "input_connectivity": 0.1}