{"reservoir_size": 1000, "spectral_radius": 0.9901812393895992, "noise_rc": 0.0, "leak_rate": 0.03918381592565122, "seed": 1234, "warmup": 800, "ridge": 9.754360218312278e-05, "rc_connectivity": 0.1, "input_connectivity": 0.1}