{"reservoir_size": 1000, "spectral_radius": 0.4769467619896156, "noise_rc": 0.0, "leak_rate": 0.005792827762762331, "seed": 1234, "warmup": 800, "ridge": 0.001519148217613041, "rc_connectivity": 0.0025835060986749542, "input_connectivity": 0.2}