{"reservoir_size": 1000, "spectral_radius": 1.1234505199518316, "noise_rc": 0.0, "leak_rate": 0.003450939735807007, "seed": 1234, "warmup": 800, "ridge": 1.9218023566015697e-05, "rc_connectivity": 0.1, "input_connectivity": 0.1}