{"reservoir_size": 1000, "spectral_radius": 1.0079217198108275, "noise_rc": 0.0, "leak_rate": 0.043436695682058414, "seed": 1234, "warmup": 800, "ridge": 1.0022345763284803e-05, "rc_connectivity": 0.1, "input_connectivity": 0.1}