{"reservoir_size": 1000, "spectral_radius": 1.0774972860715677, "noise_rc": 0.0, "leak_rate": 0.06760134863755403, "seed": 1234, "warmup": 800, "ridge": 0.13749633661514074, "rc_connectivity": 0.009607228574107026, "input_connectivity": 0.2}