{"reservoir_size": 1000, "spectral_radius": 0.7242638688364784, "noise_rc": 0.0, "leak_rate": 0.04402830195375813, "seed": 1234, "warmup": 800, "ridge": 3.515251943942623e-05, "rc_connectivity": 0.1, "input_connectivity": 0.1}