{"reservoir_size": 1000, "spectral_radius": 1.0714542459136467, "noise_rc": 0.0, "leak_rate": 0.042551847877806075, "seed": 1234, "warmup": 800, "ridge": 1.2755845720369926e-05, "rc_connectivity": 0.1, "input_connectivity": 0.1}