{"reservoir_size": 1000, "spectral_radius": 0.4041612360631801, "noise_rc": 0.0, "leak_rate": 0.010718616852855604, "seed": 1234, "warmup": 800, "ridge": 1.1250844276156742e-05, "rc_connectivity": 0.0024653283523806196, "input_connectivity": 0.2}