{"reservoir_size": 1000, "spectral_radius": 1.0220881600427993, "noise_rc": 0.0, "leak_rate": 0.04895734389796535, "seed": 1234, "warmup": 800, "ridge": 1.6722198346726132e-05, "rc_connectivity": 0.1, "input_connectivity": 0.1}