{"reservoir_size": 1000, "spectral_radius": 1.4222430027653825, "noise_rc": 0.0, "leak_rate": 0.07741638801875361, "seed": 1234, "warmup": 800, "ridge": 3.7770873230101156e-05, "rc_connectivity": 0.0023037151916298357, "input_connectivity": 0.2}