{"reservoir_size": 1000, "spectral_radius": 1.2832281905087608, "noise_rc": 0.0, "leak_rate": 0.01947479740586248, "seed": 1234, "warmup": 800, "ridge": 8.272485580390684e-05, "rc_connectivity": 0.1238153712920442, "input_connectivity": 0.2}