{"reservoir_size": 1000, "spectral_radius": 1.4500185187750085, "noise_rc": 0.0, "leak_rate": 0.037112450189728835, "seed": 1234, "warmup": 800, "ridge": 0.12154353282651147, "rc_connectivity": 0.1, "input_connectivity": 0.1}