{"reservoir_size": 1000, "spectral_radius": 1.040067266058379, "noise_rc": 0.0, "leak_rate": 0.03948057165249825, "seed": 1234, "warmup": 800, "ridge": 1.0027553386490744e-05, "rc_connectivity": 0.1, "input_connectivity": 0.1}