{"reservoir_size": 1000, "spectral_radius": 0.9872785845891789, "noise_rc": 0.0, "leak_rate": 0.05287892632845366, "seed": 1234, "warmup": 800, "ridge": 2.9351166420457987e-06, "rc_connectivity": 0.29523897936240767, "input_connectivity": 0.2}