{"reservoir_size": 1000, "spectral_radius": 1.121283484851424, "noise_rc": 0.0, "leak_rate": 0.08080618362774569, "seed": 1234, "warmup": 800, "ridge": 1.2121285121218637e-05, "rc_connectivity": 0.1, "input_connectivity": 0.1}