{"reservoir_size": 1000, "spectral_radius": 0.9811830356091851, "noise_rc": 0.0, "leak_rate": 0.05281822427600917, "seed": 1234, "warmup": 800, "ridge": 3.538288932452117e-05, "rc_connectivity": 0.1, "input_connectivity": 0.1}