{"reservoir_size": 1000, "spectral_radius": 1.009875092437596, "noise_rc": 0.0, "leak_rate": 0.055311186304634795, "seed": 1234, "warmup": 800, "ridge": 2.185360067200483e-05, "rc_connectivity": 0.1, "input_connectivity": 0.1}