{"reservoir_size": 1000, "spectral_radius": 0.9472378257191553, "noise_rc": 0.0, "leak_rate": 0.049144056470554934, "seed": 1234, "warmup": 800, "ridge": 3.608657827623816e-05, "rc_connectivity": 0.1, "input_connectivity": 0.1}