{"reservoir_size": 1000, "spectral_radius": 1.0528129897680978, "noise_rc": 0.0, "leak_rate": 0.024274126097696764, "seed": 1234, "warmup": 800, "ridge": 0.000978654106037079, "rc_connectivity": 0.1, "input_connectivity": 0.1}