{"reservoir_size": 1000, "spectral_radius": 1.0235055579003, "noise_rc": 0.0, "leak_rate": 0.04914473125219739, "seed": 1234, "warmup": 800, "ridge": 1.4632113255028287e-05, "rc_connectivity": 0.1, "input_connectivity": 0.1}