{"reservoir_size": 1000, "spectral_radius": 0.927739570440704, "noise_rc": 0.0, "leak_rate": 0.05553003811579622, "seed": 1234, "warmup": 800, "ridge": 1.835920051416984e-05, "rc_connectivity": 0.1, "input_connectivity": 0.1}