{"reservoir_size": 1000, "spectral_radius": 0.9933827385262449, "noise_rc": 0.0, "leak_rate": 0.051037571034492434, "seed": 1234, "warmup": 800, "ridge": 1.0118667279799773e-05, "rc_connectivity": 0.1, "input_connectivity": 0.1}