{"reservoir_size": 1000, "spectral_radius": 1.2114050153298745, "noise_rc": 0.0, "leak_rate": 0.0007323763782259155, "seed": 1234, "warmup": 800, "ridge": 2.788645451884324e-05, "rc_connectivity": 0.1, "input_connectivity": 0.1}