{"reservoir_size": 1000, "spectral_radius": 0.654811824762647, "noise_rc": 0.0, "leak_rate": 0.007156466250040192, "seed": 1234, "warmup": 800, "ridge": 1.26990216973326e-05, "rc_connectivity": 0.1, "input_connectivity": 0.1}