{"reservoir_size": 1000, "spectral_radius": 0.9527521174264272, "noise_rc": 0.0, "leak_rate": 0.03037430465874068, "seed": 1234, "warmup": 800, "ridge": 1.598496899154617e-05, "rc_connectivity": 0.1, "input_connectivity": 0.1}