{"reservoir_size": 1000, "spectral_radius": 1.024725116632678, "noise_rc": 0.0, "leak_rate": 0.039487420117479556, "seed": 1234, "warmup": 800, "ridge": 0.43239678117396446, "rc_connectivity": 0.1, "input_connectivity": 0.1}