{"reservoir_size": 1000, "spectral_radius": 1.033595635393689, "noise_rc": 0.0, "leak_rate": 0.04609661988302326, "seed": 1234, "warmup": 800, "ridge": 3.082637878344816e-05, "rc_connectivity": 0.005378643628998725, "input_connectivity": 0.2}