{"reservoir_size": 1000, "spectral_radius": 0.9807543210163611, "noise_rc": 0.0, "leak_rate": 0.04793903724038968, "seed": 1234, "warmup": 800, "ridge": 1.002832443211069e-05, "rc_connectivity": 0.1, "input_connectivity": 0.1}