{"reservoir_size": 1000, "spectral_radius": 0.9133550243992863, "noise_rc": 0.0, "leak_rate": 0.04151051011748653, "seed": 1234, "warmup": 800, "ridge": 7.335184441186278e-06, "rc_connectivity": 0.0015279580643564044, "input_connectivity": 0.1}