{"reservoir_size": 1000, "spectral_radius": 1.078050997157994, "noise_rc": 0.0, "leak_rate": 0.07062323708957187, "seed": 1234, "warmup": 800, "ridge": 1.4294576734804222e-05, "rc_connectivity": 0.1, "input_connectivity": 0.1}