{"reservoir_size": 1000, "spectral_radius": 0.9795903931180873, "noise_rc": 0.0, "leak_rate": 0.05409173117021902, "seed": 1234, "warmup": 800, "ridge": 2.5100413796891148e-05, "rc_connectivity": 0.1, "input_connectivity": 0.1}