{"reservoir_size": 1000, "spectral_radius": 1.018533084261139, "noise_rc": 0.0, "leak_rate": 0.0686249653879094, "seed": 1234, "warmup": 800, "ridge": 1.0107388728506053e-05, "rc_connectivity": 0.1, "input_connectivity": 0.1}