{"reservoir_size": 1000, "spectral_radius": 0.9709158900445384, "noise_rc": 0.0, "leak_rate": 0.0006125025441793997, "seed": 1234, "warmup": 800, "ridge": 1.2231682299573081e-05, "rc_connectivity": 0.1, "input_connectivity": 0.1}