{"reservoir_size": 1000, "spectral_radius": 1.072579151444787, "noise_rc": 0.0, "leak_rate": 0.07575285605477251, "seed": 1234, "warmup": 800, "ridge": 1.6470389727381846e-05, "rc_connectivity": 0.1, "input_connectivity": 0.1}