{"reservoir_size": 1000, "spectral_radius": 1.062595951740733, "noise_rc": 0.0, "leak_rate": 0.04945809472775748, "seed": 1234, "warmup": 800, "ridge": 1.78855668806174e-05, "rc_connectivity": 0.1, "input_connectivity": 0.1}