{"reservoir_size": 1000, "spectral_radius": 1.0643413469726575, "noise_rc": 0.0, "leak_rate": 0.03684202671676994, "seed": 1234, "warmup": 800, "ridge": 1.8929055977826583e-05, "rc_connectivity": 0.1, "input_connectivity": 0.1}