{"reservoir_size": 1000, "spectral_radius": 1.1299730796066076, "noise_rc": 0.0, "leak_rate": 0.06457565809709291, "seed": 1234, "warmup": 800, "ridge": 1.2919649472662314e-05, "rc_connectivity": 0.1, "input_connectivity": 0.1}