{"reservoir_size": 1000, "spectral_radius": 0.6026461399008857, "noise_rc": 0.0, "leak_rate": 0.044946702461220456, "seed": 1234, "warmup": 800, "ridge": 2.0618905439793642e-05, "rc_connectivity": 0.1, "input_connectivity": 0.1}