{"reservoir_size": 1000, "spectral_radius": 0.9661896877524632, "noise_rc": 0.0, "leak_rate": 0.04988416810370096, "seed": 1234, "warmup": 800, "ridge": 2.4839522906620965e-05, "rc_connectivity": 0.1, "input_connectivity": 0.1}