{"reservoir_size": 1000, "spectral_radius": 1.0994487512290403, "noise_rc": 0.0, "leak_rate": 0.061907486945486374, "seed": 1234, "warmup": 800, "ridge": 1.005866005691803e-05, "rc_connectivity": 0.1, "input_connectivity": 0.1}