{"reservoir_size": 1000, "spectral_radius": 1.0632826842601768, "noise_rc": 0.0, "leak_rate": 0.054950682172600414, "seed": 1234, "warmup": 800, "ridge": 1.0082637709712749e-05, "rc_connectivity": 0.1, "input_connectivity": 0.1}