{"reservoir_size": 1000, "spectral_radius": 1.1061164020832843, "noise_rc": 0.0, "leak_rate": 0.06416646008734542, "seed": 1234, "warmup": 800, "ridge": 1.2224052834757835e-05, "rc_connectivity": 0.1, "input_connectivity": 0.1}