{"reservoir_size": 1000, "spectral_radius": 1.1952586314252807, "noise_rc": 0.0, "leak_rate": 0.03750123864852592, "seed": 1234, "warmup": 800, "ridge": 1.2371018012562056e-05, "rc_connectivity": 0.1, "input_connectivity": 0.1}