{"reservoir_size": 1000, "spectral_radius": 1.0220495271353234, "noise_rc": 0.0, "leak_rate": 0.05080080290272623, "seed": 1234, "warmup": 800, "ridge": 1.2297181459281189e-05, "rc_connectivity": 0.1, "input_connectivity": 0.1}