{"reservoir_size": 1000, "spectral_radius": 1.130465719490722, "noise_rc": 0.0, "leak_rate": 0.057594288547958124, "seed": 1234, "warmup": 800, "ridge": 1.5080374787474855e-05, "rc_connectivity": 0.1, "input_connectivity": 0.1}