{"reservoir_size": 1000, "spectral_radius": 1.168677416002047, "noise_rc": 0.0, "leak_rate": 0.040325165228742584, "seed": 1234, "warmup": 800, "ridge": 2.0386084443605026e-05, "rc_connectivity": 0.1, "input_connectivity": 0.1}