{"reservoir_size": 1000, "spectral_radius": 0.9022452086945348, "noise_rc": 0.0, "leak_rate": 0.042228863669350025, "seed": 1234, "warmup": 800, "ridge": 4.374784063808843e-06, "rc_connectivity": 0.014129004056101135, "input_connectivity": 0.2}