{"reservoir_size": 1000, "spectral_radius": 0.44180864785291685, "noise_rc": 0.0, "leak_rate": 0.04643973893704606, "seed": 1234, "warmup": 800, "ridge": 6.919915875588906e-06, "rc_connectivity": 0.20011536400800647, "input_connectivity": 0.2}