{"reservoir_size": 1000, "spectral_radius": 1.0201618602082951, "noise_rc": 0.0, "leak_rate": 0.04930854645528152, "seed": 1234, "warmup": 800, "ridge": 1.0027195144713352e-05, "rc_connectivity": 0.1, "input_connectivity": 0.1}