{"reservoir_size": 1000, "spectral_radius": 1.0938225326907487, "noise_rc": 0.0, "leak_rate": 0.07500452487421864, "seed": 1234, "warmup": 800, "ridge": 1.4384577546871804e-05, "rc_connectivity": 0.1, "input_connectivity": 0.1}