{"reservoir_size": 1000, "spectral_radius": 0.9523816844087157, "noise_rc": 0.0, "leak_rate": 0.03440879138570362, "seed": 1234, "warmup": 800, "ridge": 2.831908613992669e-05, "rc_connectivity": 0.1, "input_connectivity": 0.1}