{"reservoir_size": 1000, "spectral_radius": 1.11253487116538, "noise_rc": 0.0, "leak_rate": 0.04218089578336486, "seed": 1234, "warmup": 800, "ridge": 1.884501452617594e-05, "rc_connectivity": 0.1, "input_connectivity": 0.1}