{"reservoir_size": 1000, "spectral_radius": 1.0924948233300462, "noise_rc": 0.0, "leak_rate": 0.04680845557516885, "seed": 1234, "warmup": 800, "ridge": 1.5890104540266145e-05, "rc_connectivity": 0.1, "input_connectivity": 0.1}