{"reservoir_size": 1000, "spectral_radius": 0.9952693681984225, "noise_rc": 0.0, "leak_rate": 0.058409673097061854, "seed": 1234, "warmup": 800, "ridge": 2.5210880445916106e-05, "rc_connectivity": 0.1, "input_connectivity": 0.1}