{"reservoir_size": 1000, "spectral_radius": 0.9961071755414094, "noise_rc": 0.0, "leak_rate": 0.036222962619625515, "seed": 1234, "warmup": 800, "ridge": 1.0009489252670297e-05, "rc_connectivity": 0.1, "input_connectivity": 0.1}