{"reservoir_size": 1000, "spectral_radius": 1.1254567432308071, "noise_rc": 0.0, "leak_rate": 0.057533340370981234, "seed": 1234, "warmup": 800, "ridge": 1.9731395726169892e-05, "rc_connectivity": 0.1, "input_connectivity": 0.1}