{"reservoir_size": 1000, "spectral_radius": 1.1121386955308175, "noise_rc": 0.0, "leak_rate": 0.055682523701283765, "seed": 1234, "warmup": 800, "ridge": 1.5646706137651667e-05, "rc_connectivity": 0.1, "input_connectivity": 0.1}