{"reservoir_size": 1000, "spectral_radius": 1.107723336666315, "noise_rc": 0.0, "leak_rate": 0.05518849281706652, "seed": 1234, "warmup": 800, "ridge": 1.2373693791857594e-05, "rc_connectivity": 0.1, "input_connectivity": 0.1}