{"reservoir_size": 1000, "spectral_radius": 0.9220547862346492, "noise_rc": 0.0, "leak_rate": 0.06327819933641136, "seed": 1234, "warmup": 800, "ridge": 5.265325389814489e-05, "rc_connectivity": 0.1, "input_connectivity": 0.1}