{"reservoir_size": 1000, "spectral_radius": 0.6589235212856116, "noise_rc": 0.0, "leak_rate": 0.05153066428560938, "seed": 1234, "warmup": 800, "ridge": 1.47850628837215e-05, "rc_connectivity": 0.1, "input_connectivity": 0.1}