{"reservoir_size": 1000, "spectral_radius": 0.9789182460739252, "noise_rc": 0.0, "leak_rate": 0.03848711286468369, "seed": 1234, "warmup": 800, "ridge": 0.30341981203715057, "rc_connectivity": 0.1, "input_connectivity": 0.1}