{"reservoir_size": 1000, "spectral_radius": 1.0699489602783196, "noise_rc": 0.0, "leak_rate": 0.08156619500043329, "seed": 1234, "warmup": 800, "ridge": 2.3003475252554907e-05, "rc_connectivity": 0.1, "input_connectivity": 0.1}