{"reservoir_size": 1000, "spectral_radius": 0.9528803256030509, "noise_rc": 0.0, "leak_rate": 0.05139430507454554, "seed": 1234, "warmup": 800, "ridge": 1.0044694343106746e-05, "rc_connectivity": 0.1, "input_connectivity": 0.1}