{"reservoir_size": 1000, "spectral_radius": 1.1913432014906602, "noise_rc": 0.0, "leak_rate": 0.03713641355307406, "seed": 1234, "warmup": 800, "ridge": 1.2100217050407772e-05, "rc_connectivity": 0.1, "input_connectivity": 0.1}