{"reservoir_size": 1000, "spectral_radius": 0.9351366647010908, "noise_rc": 0.0, "leak_rate": 0.01574492717738238, "seed": 1234, "warmup": 800, "ridge": 5.220317374997807e-06, "rc_connectivity": 0.3031617330901689, "input_connectivity": 0.2}