{"reservoir_size": 1000, "spectral_radius": 0.8936258129286306, "noise_rc": 0.0, "leak_rate": 0.061815617859091766, "seed": 1234, "warmup": 800, "ridge": 1.053528051762408e-05, "rc_connectivity": 0.1, "input_connectivity": 0.1}