{"reservoir_size": 1000, "spectral_radius": 0.7430562839441192, "noise_rc": 0.0, "leak_rate": 0.060042291615805904, "seed": 1234, "warmup": 800, "ridge": 2.3627845872621244e-05, "rc_connectivity": 0.1, "input_connectivity": 0.1}