{"reservoir_size": 1000, "spectral_radius": 1.0741846416079743, "noise_rc": 0.0, "leak_rate": 0.03955877379417538, "seed": 1234, "warmup": 800, "ridge": 5.911644377877713e-05, "rc_connectivity": 0.1, "input_connectivity": 0.1}