{"reservoir_size": 1000, "spectral_radius": 0.6735812080632444, "noise_rc": 0.0, "leak_rate": 0.05304841515909185, "seed": 1234, "warmup": 800, "ridge": 2.6458605349333573e-05, "rc_connectivity": 0.1, "input_connectivity": 0.1}