{"reservoir_size": 1000, "spectral_radius": 0.8481747651679755, "noise_rc": 0.0, "leak_rate": 0.11469865505464093, "seed": 1234, "warmup": 800, "ridge": 0.4225098771969584, "rc_connectivity": 0.47600126308472324, "input_connectivity": 0.2}