{"reservoir_size": 1000, "spectral_radius": 0.9864423992867003, "noise_rc": 0.0, "leak_rate": 0.03174395847152481, "seed": 1234, "warmup": 800, "ridge": 1.0048883704485344e-05, "rc_connectivity": 0.1, "input_connectivity": 0.1}