{"reservoir_size": 1000, "spectral_radius": 1.0789594964386222, "noise_rc": 0.0, "leak_rate": 0.0400228508087624, "seed": 1234, "warmup": 800, "ridge": 1.5848389826506163e-05, "rc_connectivity": 0.1, "input_connectivity": 0.1}