{"reservoir_size": 1000, "spectral_radius": 1.0489121210388213, "noise_rc": 0.0, "leak_rate": 0.05288754855359308, "seed": 1234, "warmup": 800, "ridge": 1.8471175135136323e-05, "rc_connectivity": 0.1, "input_connectivity": 0.1}