{"reservoir_size": 1000, "spectral_radius": 1.0231381044063033, "noise_rc": 0.0, "leak_rate": 0.04837910910750382, "seed": 1234, "warmup": 800, "ridge": 1.2231358641596872e-05, "rc_connectivity": 0.1, "input_connectivity": 0.1}