{"reservoir_size": 1000, "spectral_radius": 1.0487064531165284, "noise_rc": 0.0, "leak_rate": 0.047301265728554906, "seed": 1234, "warmup": 800, "ridge": 3.878993097775526e-05, "rc_connectivity": 0.1, "input_connectivity": 0.1}