{"reservoir_size": 1000, "spectral_radius": 1.1126509406010154, "noise_rc": 0.0, "leak_rate": 0.0645887270373346, "seed": 1234, "warmup": 800, "ridge": 1.3621433068901041e-05, "rc_connectivity": 0.1, "input_connectivity": 0.1}