{"reservoir_size": 1000, "spectral_radius": 0.30160951689548926, "noise_rc": 0.0, "leak_rate": 0.06996306727493595, "seed": 1234, "warmup": 800, "ridge": 2.011217690464987e-06, "rc_connectivity": 0.0038537749830147195, "input_connectivity": 0.2}