{"reservoir_size": 1000, "spectral_radius": 0.5859554910900963, "noise_rc": 0.0, "leak_rate": 0.04514222083311847, "seed": 1234, "warmup": 800, "ridge": 8.297976774017407e-05, "rc_connectivity": 0.2671267292799853, "input_connectivity": 0.2}