{"reservoir_size": 1000, "spectral_radius": 1.1216494339421996, "noise_rc": 0.0, "leak_rate": 0.03997671802626468, "seed": 1234, "warmup": 800, "ridge": 1.0084337915885596e-05, "rc_connectivity": 0.1, "input_connectivity": 0.1}