{"reservoir_size": 1000, "spectral_radius": 0.9763692661723335, "noise_rc": 0.0, "leak_rate": 0.0510884511753744, "seed": 1234, "warmup": 800, "ridge": 2.0703937307851822e-05, "rc_connectivity": 0.1, "input_connectivity": 0.1}