{"reservoir_size": 1000, "spectral_radius": 1.083672782135181, "noise_rc": 0.0, "leak_rate": 0.08692039760509065, "seed": 1234, "warmup": 800, "ridge": 1.9583516354031183e-05, "rc_connectivity": 0.1, "input_connectivity": 0.1}