{"reservoir_size": 1000, "spectral_radius": 1.0979712192197302, "noise_rc": 0.0, "leak_rate": 0.07658601034152433, "seed": 1234, "warmup": 800, "ridge": 1.0005139000715853e-05, "rc_connectivity": 0.1, "input_connectivity": 0.1}