{"reservoir_size": 1000, "spectral_radius": 0.6040177657668668, "noise_rc": 0.0, "leak_rate": 0.01120352407972869, "seed": 1234, "warmup": 800, "ridge": 1.3654301650631304e-05, "rc_connectivity": 0.1, "input_connectivity": 0.1}