{"reservoir_size": 1000, "spectral_radius": 1.0628839570328745, "noise_rc": 0.0, "leak_rate": 0.050653806360031466, "seed": 1234, "warmup": 800, "ridge": 2.8341194932468057e-05, "rc_connectivity": 0.1, "input_connectivity": 0.1}