{"reservoir_size": 1000, "spectral_radius": 1.0899168281598437, "noise_rc": 0.0, "leak_rate": 0.05886185918074727, "seed": 1234, "warmup": 800, "ridge": 1.8621933221402035e-05, "rc_connectivity": 0.1, "input_connectivity": 0.1}