{"reservoir_size": 1000, "spectral_radius": 1.0374743641994888, "noise_rc": 0.0, "leak_rate": 0.0015969879318900946, "seed": 1234, "warmup": 800, "ridge": 0.009099996581217995, "rc_connectivity": 0.1, "input_connectivity": 0.1}