{"reservoir_size": 1000, "spectral_radius": 1.082492925166117, "noise_rc": 0.0, "leak_rate": 0.054798503669376136, "seed": 1234, "warmup": 800, "ridge": 2.2649923470743874e-05, "rc_connectivity": 0.1, "input_connectivity": 0.1}