{"reservoir_size": 1000, "spectral_radius": 1.1488529674533103, "noise_rc": 0.0, "leak_rate": 0.07242290245496627, "seed": 1234, "warmup": 800, "ridge": 1.0103669453461692e-05, "rc_connectivity": 0.1, "input_connectivity": 0.1}