{"reservoir_size": 1000, "spectral_radius": 1.6062008714888203, "noise_rc": 0.0, "leak_rate": 0.019232583659276808, "seed": 1234, "warmup": 800, "ridge": 2.856475099310051e-05, "rc_connectivity": 0.1, "input_connectivity": 0.1}