{"reservoir_size": 1000, "spectral_radius": 1.0632753294647779, "noise_rc": 0.0, "leak_rate": 0.05716552251464033, "seed": 1234, "warmup": 800, "ridge": 1.6935377828674847e-05, "rc_connectivity": 0.1, "input_connectivity": 0.1}