{"reservoir_size": 1000, "spectral_radius": 0.9795838005983375, "noise_rc": 0.0, "leak_rate": 0.05063895123083607, "seed": 1234, "warmup": 800, "ridge": 2.6670346019100017e-05, "rc_connectivity": 0.1, "input_connectivity": 0.1}