{"reservoir_size": 1000, "spectral_radius": 1.0063494537639135, "noise_rc": 0.0, "leak_rate": 0.046837272851280295, "seed": 1234, "warmup": 800, "ridge": 1.5277842296294926e-05, "rc_connectivity": 0.1, "input_connectivity": 0.1}