{"reservoir_size": 1000, "spectral_radius": 1.0356110294285412, "noise_rc": 0.0, "leak_rate": 0.04902332561521723, "seed": 1234, "warmup": 800, "ridge": 1.5640451419303948e-05, "rc_connectivity": 0.1, "input_connectivity": 0.1}