{"reservoir_size": 1000, "spectral_radius": 1.106709071391909, "noise_rc": 0.0, "leak_rate": 0.06023142176119924, "seed": 1234, "warmup": 800, "ridge": 1.0034303911579436e-05, "rc_connectivity": 0.1, "input_connectivity": 0.1}