{"reservoir_size": 1000, "spectral_radius": 1.1141736556538966, "noise_rc": 0.0, "leak_rate": 0.061038388051956445, "seed": 1234, "warmup": 800, "ridge": 0.002247854284668035, "rc_connectivity": 0.1, "input_connectivity": 0.1}