{"reservoir_size": 1000, "spectral_radius": 1.0260235962958792, "noise_rc": 0.0, "leak_rate": 0.042464596499381835, "seed": 1234, "warmup": 800, "ridge": 1.7563610623318986e-05, "rc_connectivity": 0.1, "input_connectivity": 0.1}