{"reservoir_size": 1000, "spectral_radius": 1.1811360532158992, "noise_rc": 0.0, "leak_rate": 0.0004887289044622728, "seed": 1234, "warmup": 800, "ridge": 1.897449896004093e-05, "rc_connectivity": 0.1, "input_connectivity": 0.1}