{"reservoir_size": 1000, "spectral_radius": 1.0615136950152508, "noise_rc": 0.0, "leak_rate": 0.04997862635757629, "seed": 1234, "warmup": 800, "ridge": 0.000353093035590087, "rc_connectivity": 0.1, "input_connectivity": 0.1}