{"reservoir_size": 1000, "spectral_radius": 1.1083001665884393, "noise_rc": 0.0, "leak_rate": 0.06490517712632311, "seed": 1234, "warmup": 800, "ridge": 1.7874603896012768e-05, "rc_connectivity": 0.1, "input_connectivity": 0.1}