{"reservoir_size": 1000, "spectral_radius": 0.8249155737387673, "noise_rc": 0.0, "leak_rate": 0.006132500172152967, "seed": 1234, "warmup": 800, "ridge": 0.0006653388066469987, "rc_connectivity": 0.1, "input_connectivity": 0.1}