{"reservoir_size": 1000, "spectral_radius": 0.9800431213806204, "noise_rc": 0.0, "leak_rate": 0.06225166027278616, "seed": 1234, "warmup": 800, "ridge": 1.7070718301231975e-05, "rc_connectivity": 0.1, "input_connectivity": 0.1}