{"reservoir_size": 1000, "spectral_radius": 1.050547811172373, "noise_rc": 0.0, "leak_rate": 0.043696647777035, "seed": 1234, "warmup": 800, "ridge": 2.438220128067912e-05, "rc_connectivity": 0.1, "input_connectivity": 0.1}