{"reservoir_size": 1000, "spectral_radius": 0.9418696165308352, "noise_rc": 0.0, "leak_rate": 0.05071029373549982, "seed": 1234, "warmup": 800, "ridge": 4.375978719004295e-06, "rc_connectivity": 0.010856897674449074, "input_connectivity": 0.2}