{"reservoir_size": 1000, "spectral_radius": 1.055499838929991, "noise_rc": 0.0, "leak_rate": 0.0608418220711381, "seed": 1234, "warmup": 800, "ridge": 1.2647899938359544e-05, "rc_connectivity": 0.1, "input_connectivity": 0.1}