{"reservoir_size": 1000, "spectral_radius": 1.0735881650894854, "noise_rc": 0.0, "leak_rate": 0.09892339654919644, "seed": 1234, "warmup": 800, "ridge": 2.067577537320655e-05, "rc_connectivity": 0.1, "input_connectivity": 0.1}