{"reservoir_size": 1000, "spectral_radius": 0.44202453857930046, "noise_rc": 0.0, "leak_rate": 0.00015138833667889296, "seed": 1234, "warmup": 800, "ridge": 0.353131581204771, "rc_connectivity": 0.6393085530664184, "input_connectivity": 0.2}