{"reservoir_size": 1000, "spectral_radius": 1.0119985907809659, "noise_rc": 0.0, "leak_rate": 0.05202106583670664, "seed": 1234, "warmup": 800, "ridge": 0.00015297314607484993, "rc_connectivity": 0.1, "input_connectivity": 0.1}