{"reservoir_size": 1000, "spectral_radius": 0.9491420808931662, "noise_rc": 0.0, "leak_rate": 0.03906222470212634, "seed": 1234, "warmup": 800, "ridge": 2.201591127023936e-05, "rc_connectivity": 0.1, "input_connectivity": 0.1}