{"reservoir_size": 1000, "spectral_radius": 1.200741327696746, "noise_rc": 0.0, "leak_rate": 0.05235313845178515, "seed": 1234, "warmup": 800, "ridge": 0.004611970494101783, "rc_connectivity": 0.1, "input_connectivity": 0.1}