{"reservoir_size": 1000, "spectral_radius": 1.009350276719083, "noise_rc": 0.0, "leak_rate": 0.050811634123526586, "seed": 1234, "warmup": 800, "ridge": 1.5004183060409254e-05, "rc_connectivity": 0.1, "input_connectivity": 0.1}