{"reservoir_size": 1000, "spectral_radius": 0.7175065658740889, "noise_rc": 0.0, "leak_rate": 0.00013593146002602687, "seed": 1234, "warmup": 800, "ridge": 0.0006203480543717087, "rc_connectivity": 0.004267862330570233, "input_connectivity": 0.2}