{"reservoir_size": 1000, "spectral_radius": 0.9510391856031796, "noise_rc": 0.0, "leak_rate": 0.05001412407360409, "seed": 1234, "warmup": 800, "ridge": 1.2240474626399858e-05, "rc_connectivity": 0.1, "input_connectivity": 0.1}