{"reservoir_size": 1000, "spectral_radius": 0.9522213252884976, "noise_rc": 0.0, "leak_rate": 0.017166779549261112, "seed": 1234, "warmup": 800, "ridge": 2.3394809409310213e-05, "rc_connectivity": 0.1, "input_connectivity": 0.1}