{"reservoir_size": 1000, "spectral_radius": 0.49701447417178024, "noise_rc": 0.0, "leak_rate": 0.01508777890220994, "seed": 1234, "warmup": 800, "ridge": 1.7395368949306887e-06, "rc_connectivity": 0.0010036918407057833, "input_connectivity": 0.2}