{"reservoir_size": 1000, "spectral_radius": 1.0339101386605651, "noise_rc": 0.0, "leak_rate": 0.05947452153135792, "seed": 1234, "warmup": 800, "ridge": 1.5853941921217305e-05, "rc_connectivity": 0.1, "input_connectivity": 0.1}