{"reservoir_size": 1000, "spectral_radius": 0.740696304090069, "noise_rc": 0.0, "leak_rate": 0.0034715644308255045, "seed": 1234, "warmup": 800, "ridge": 0.3183214611998202, "rc_connectivity": 0.1, "input_connectivity": 0.1}