{"reservoir_size": 1000, "spectral_radius": 1.7339388365534827, "noise_rc": 0.0, "leak_rate": 0.0693359161485524, "seed": 1234, "warmup": 800, "ridge": 1.2600146161058427e-05, "rc_connectivity": 0.1, "input_connectivity": 0.1}