{"reservoir_size": 1000, "spectral_radius": 1.1845561693214883, "noise_rc": 0.0, "leak_rate": 0.038266044433928496, "seed": 1234, "warmup": 800, "ridge": 2.0768214617182988e-06, "rc_connectivity": 0.0026985548147545526, "input_connectivity": 0.2}