{"reservoir_size": 1000, "spectral_radius": 1.0159230339713892, "noise_rc": 0.0, "leak_rate": 0.052256150958258245, "seed": 1234, "warmup": 800, "ridge": 5.5923405606877844e-05, "rc_connectivity": 0.1, "input_connectivity": 0.1}