{"reservoir_size": 1000, "spectral_radius": 0.9464171669234487, "noise_rc": 0.0, "leak_rate": 0.03683255343592782, "seed": 1234, "warmup": 800, "ridge": 0.015469831703100321, "rc_connectivity": 0.1, "input_connectivity": 0.1}