{"reservoir_size": 1000, "spectral_radius": 1.0654038014722496, "noise_rc": 0.0, "leak_rate": 0.0732999791709811, "seed": 1234, "warmup": 800, "ridge": 1.633215349945025e-05, "rc_connectivity": 0.1, "input_connectivity": 0.1}