{"reservoir_size": 1000, "spectral_radius": 1.0795256251565526, "noise_rc": 0.0, "leak_rate": 0.06173105843765698, "seed": 1234, "warmup": 800, "ridge": 1.4960176118536385e-05, "rc_connectivity": 0.1, "input_connectivity": 0.1}