{"reservoir_size": 1000, "spectral_radius": 0.9647685393058832, "noise_rc": 0.0, "leak_rate": 0.050473823224330264, "seed": 1234, "warmup": 800, "ridge": 2.5528296697521976e-05, "rc_connectivity": 0.1, "input_connectivity": 0.1}