{"reservoir_size": 1000, "spectral_radius": 1.0392931006367914, "noise_rc": 0.0, "leak_rate": 0.08295445475235824, "seed": 1234, "warmup": 800, "ridge": 0.014686859881488249, "rc_connectivity": 0.1, "input_connectivity": 0.1}