{"reservoir_size": 1000, "spectral_radius": 0.979815973735531, "noise_rc": 0.0, "leak_rate": 0.055965746681416184, "seed": 1234, "warmup": 800, "ridge": 4.954376703178505e-05, "rc_connectivity": 0.1, "input_connectivity": 0.1}