{"reservoir_size": 1000, "spectral_radius": 0.7581579856954259, "noise_rc": 0.0, "leak_rate": 0.07437956975255264, "seed": 1234, "warmup": 800, "ridge": 1.0087159606260349e-05, "rc_connectivity": 0.1, "input_connectivity": 0.1}