{"reservoir_size": 1000, "spectral_radius": 1.0276120158338515, "noise_rc": 0.0, "leak_rate": 0.0450953900060138, "seed": 1234, "warmup": 800, "ridge": 1.0098433463800486e-05, "rc_connectivity": 0.1, "input_connectivity": 0.1}