{"reservoir_size": 1000, "spectral_radius": 0.9860912573703104, "noise_rc": 0.0, "leak_rate": 0.041618157604368024, "seed": 1234, "warmup": 800, "ridge": 1.7349779325938624e-05, "rc_connectivity": 0.0019529075645109012, "input_connectivity": 0.2}