{"reservoir_size": 1000, "spectral_radius": 0.9867412971737728, "noise_rc": 0.0, "leak_rate": 0.05108846661533633, "seed": 1234, "warmup": 800, "ridge": 0.004920584919280185, "rc_connectivity": 0.1, "input_connectivity": 0.1}