{"reservoir_size": 1000, "spectral_radius": 1.0533153221481348, "noise_rc": 0.0, "leak_rate": 0.05863972423337709, "seed": 1234, "warmup": 800, "ridge": 1.2013772804776656e-05, "rc_connectivity": 0.1, "input_connectivity": 0.1}