{"reservoir_size": 1000, "spectral_radius": 1.0017782217199829, "noise_rc": 0.0, "leak_rate": 0.00018032111546447608, "seed": 1234, "warmup": 800, "ridge": 1.4074152144996643e-05, "rc_connectivity": 0.1, "input_connectivity": 0.1}