{"reservoir_size": 1000, "spectral_radius": 0.5289563121049411, "noise_rc": 0.0, "leak_rate": 0.053011079869451305, "seed": 1234, "warmup": 800, "ridge": 4.131683780544458e-05, "rc_connectivity": 0.028833856445690132, "input_connectivity": 0.2}