{"reservoir_size": 1000, "spectral_radius": 1.0173335262481649, "noise_rc": 0.0, "leak_rate": 0.07456774184534043, "seed": 1234, "warmup": 800, "ridge": 1.3335352965796013e-05, "rc_connectivity": 0.1, "input_connectivity": 0.1}