{"reservoir_size": 1000, "spectral_radius": 1.074856658548696, "noise_rc": 0.0, "leak_rate": 0.06689397771458018, "seed": 1234, "warmup": 800, "ridge": 3.4922540340970605e-05, "rc_connectivity": 0.1, "input_connectivity": 0.1}