{"reservoir_size": 1000, "spectral_radius": 0.6876718998139343, "noise_rc": 0.0, "leak_rate": 0.029140201134337556, "seed": 1234, "warmup": 800, "ridge": 2.1667091682365626e-05, "rc_connectivity": 0.1, "input_connectivity": 0.1}