{"reservoir_size": 1000, "spectral_radius": 1.0201765102308167, "noise_rc": 0.0, "leak_rate": 0.0017492015939422866, "seed": 1234, "warmup": 800, "ridge": 0.00020861103153421327, "rc_connectivity": 0.1, "input_connectivity": 0.1}