{"reservoir_size": 1000, "spectral_radius": 0.30904872004174755, "noise_rc": 0.0, "leak_rate": 0.03598846172743803, "seed": 1234, "warmup": 800, "ridge": 2.113813917694291e-05, "rc_connectivity": 0.0018810543082406518, "input_connectivity": 0.2}