{"reservoir_size": 1000, "spectral_radius": 0.9615697049190359, "noise_rc": 0.0, "leak_rate": 0.03568335528743214, "seed": 1234, "warmup": 800, "ridge": 1.0102890812842676e-05, "rc_connectivity": 0.1, "input_connectivity": 0.1}