{"reservoir_size": 1000, "spectral_radius": 1.072739737294643, "noise_rc": 0.0, "leak_rate": 0.0006120166955684285, "seed": 1234, "warmup": 800, "ridge": 1.5136817289716785e-05, "rc_connectivity": 0.1, "input_connectivity": 0.1}