{"reservoir_size": 1000, "spectral_radius": 1.098754838330037, "noise_rc": 0.0, "leak_rate": 0.08704579215449845, "seed": 1234, "warmup": 800, "ridge": 0.0006602448462458448, "rc_connectivity": 0.1, "input_connectivity": 0.1}