{"reservoir_size": 1000, "spectral_radius": 1.015718704459104, "noise_rc": 0.0, "leak_rate": 0.04708135113308478, "seed": 1234, "warmup": 800, "ridge": 0.0001065119222820876, "rc_connectivity": 0.1, "input_connectivity": 0.1}