{"reservoir_size": 1000, "spectral_radius": 1.062339839793018, "noise_rc": 0.0, "leak_rate": 0.05460527410547459, "seed": 1234, "warmup": 800, "ridge": 1.6042531776848423e-05, "rc_connectivity": 0.1, "input_connectivity": 0.1}