{"reservoir_size": 1000, "spectral_radius": 1.031043024598955, "noise_rc": 0.0, "leak_rate": 0.07831018666273763, "seed": 1234, "warmup": 800, "ridge": 1.3361117028533475e-05, "rc_connectivity": 0.1, "input_connectivity": 0.1}