{"reservoir_size": 1000, "spectral_radius": 1.068334748698664, "noise_rc": 0.0, "leak_rate": 0.04744115741028522, "seed": 1234, "warmup": 800, "ridge": 1.2469185093316923e-05, "rc_connectivity": 0.1, "input_connectivity": 0.1}