{"reservoir_size": 1000, "spectral_radius": 0.9841692700628446, "noise_rc": 0.0, "leak_rate": 0.03937850155298826, "seed": 1234, "warmup": 800, "ridge": 1.2202222536429999e-05, "rc_connectivity": 0.1, "input_connectivity": 0.1}