{"reservoir_size": 1000, "spectral_radius": 1.4214124082991653, "noise_rc": 0.0, "leak_rate": 0.04381854610469187, "seed": 1234, "warmup": 800, "ridge": 1.809036808518387e-06, "rc_connectivity": 0.016086000510275526, "input_connectivity": 0.2}