{"reservoir_size": 1000, "spectral_radius": 1.0209505928035416, "noise_rc": 0.0, "leak_rate": 0.06854854460162983, "seed": 1234, "warmup": 800, "ridge": 8.548208163080816e-05, "rc_connectivity": 0.1, "input_connectivity": 0.1}