{"reservoir_size": 1000, "spectral_radius": 0.9923969012594034, "noise_rc": 0.0, "leak_rate": 0.046473574668373235, "seed": 1234, "warmup": 800, "ridge": 1.233300296508327e-05, "rc_connectivity": 0.1, "input_connectivity": 0.1}