{"reservoir_size": 1000, "spectral_radius": 1.1229871768047113, "noise_rc": 0.0, "leak_rate": 0.05527318512230519, "seed": 1234, "warmup": 800, "ridge": 1.2381484429524349e-05, "rc_connectivity": 0.1, "input_connectivity": 0.1}