{"reservoir_size": 1000, "spectral_radius": 0.9034782241110607, "noise_rc": 0.0, "leak_rate": 0.05676104895781442, "seed": 1234, "warmup": 800, "ridge": 2.1711530645968968e-05, "rc_connectivity": 0.1, "input_connectivity": 0.1}