{"reservoir_size": 1000, "spectral_radius": 0.40398027681715964, "noise_rc": 0.0, "leak_rate": 0.04775686738013613, "seed": 1234, "warmup": 800, "ridge": 3.2133897356885e-06, "rc_connectivity": 0.008847401180291588, "input_connectivity": 0.2}