{"reservoir_size": 1000, "spectral_radius": 1.0246862787234472, "noise_rc": 0.0, "leak_rate": 0.04783106312461577, "seed": 1234, "warmup": 800, "ridge": 1.3304911256553075e-05, "rc_connectivity": 0.1, "input_connectivity": 0.1}