{"reservoir_size": 1000, "spectral_radius": 0.9566391986032208, "noise_rc": 0.0, "leak_rate": 0.041793218302128204, "seed": 1234, "warmup": 800, "ridge": 4.998379890181664e-05, "rc_connectivity": 0.1, "input_connectivity": 0.1}