{"reservoir_size": 1000, "spectral_radius": 1.0733157514233427, "noise_rc": 0.0, "leak_rate": 0.06524268745275806, "seed": 1234, "warmup": 800, "ridge": 1.0039540799395373e-05, "rc_connectivity": 0.1, "input_connectivity": 0.1}