{"reservoir_size": 1000, "spectral_radius": 0.9948766738136118, "noise_rc": 0.0, "leak_rate": 0.05005853722146708, "seed": 1234, "warmup": 800, "ridge": 1.45425636842445e-05, "rc_connectivity": 0.1, "input_connectivity": 0.1}