{"reservoir_size": 1000, "spectral_radius": 1.5267417333875986, "noise_rc": 0.0, "leak_rate": 0.023482338393407295, "seed": 1234, "warmup": 800, "ridge": 3.4745258716441803e-06, "rc_connectivity": 0.002173254461902596, "input_connectivity": 0.2}