{"reservoir_size": 1000, "spectral_radius": 1.0575903682023298, "noise_rc": 0.0, "leak_rate": 0.044059101683769884, "seed": 1234, "warmup": 800, "ridge": 1.5465336235096733e-05, "rc_connectivity": 0.1, "input_connectivity": 0.1}