{"reservoir_size": 1000, "spectral_radius": 1.1613686369628624, "noise_rc": 0.0, "leak_rate": 0.05936748715600267, "seed": 1234, "warmup": 800, "ridge": 1.0054963113504665e-05, "rc_connectivity": 0.1, "input_connectivity": 0.1}