{"reservoir_size": 1000, "spectral_radius": 1.150085400969027, "noise_rc": 0.0, "leak_rate": 0.04465086991297997, "seed": 1234, "warmup": 800, "ridge": 0.0010033298065993091, "rc_connectivity": 0.1, "input_connectivity": 0.1}