{"reservoir_size": 1000, "spectral_radius": 1.0452517694484962, "noise_rc": 0.0, "leak_rate": 0.03885277254463212, "seed": 1234, "warmup": 800, "ridge": 1.5421507300404043e-05, "rc_connectivity": 0.1, "input_connectivity": 0.1}