{"reservoir_size": 1000, "spectral_radius": 1.0946067926957894, "noise_rc": 0.0, "leak_rate": 0.05793734430499263, "seed": 1234, "warmup": 800, "ridge": 1.6857907888425732e-05, "rc_connectivity": 0.1, "input_connectivity": 0.1}