{"reservoir_size": 1000, "spectral_radius": 0.9955843487467013, "noise_rc": 0.0, "leak_rate": 0.023447326787064394, "seed": 1234, "warmup": 800, "ridge": 1.4314320373164679e-05, "rc_connectivity": 0.1, "input_connectivity": 0.1}