{"reservoir_size": 1000, "spectral_radius": 1.0781426070024633, "noise_rc": 0.0, "leak_rate": 0.05447897730543422, "seed": 1234, "warmup": 800, "ridge": 2.2412698564512112e-05, "rc_connectivity": 0.1, "input_connectivity": 0.1}