{"reservoir_size": 1000, "spectral_radius": 1.0857641480012743, "noise_rc": 0.0, "leak_rate": 0.05335009300090542, "seed": 1234, "warmup": 800, "ridge": 0.001758209078290274, "rc_connectivity": 0.1, "input_connectivity": 0.1}