{"reservoir_size": 1000, "spectral_radius": 1.0379859354078742, "noise_rc": 0.0, "leak_rate": 0.07321103690362944, "seed": 1234, "warmup": 800, "ridge": 4.41788582563116e-05, "rc_connectivity": 0.1, "input_connectivity": 0.1}