{"reservoir_size": 1000, "spectral_radius": 0.6930683382443492, "noise_rc": 0.0, "leak_rate": 0.01324057711893464, "seed": 1234, "warmup": 800, "ridge": 0.004632318473761742, "rc_connectivity": 0.1, "input_connectivity": 0.1}