{"reservoir_size": 1000, "spectral_radius": 1.0875700796111893, "noise_rc": 0.0, "leak_rate": 0.052858819498140405, "seed": 1234, "warmup": 800, "ridge": 0.1404425478559984, "rc_connectivity": 0.1, "input_connectivity": 0.1}