{"reservoir_size": 1000, "spectral_radius": 1.7457569696928588, "noise_rc": 0.0, "leak_rate": 0.05713156401427688, "seed": 1234, "warmup": 800, "ridge": 4.554496481059648e-05, "rc_connectivity": 0.0036262385071019624, "input_connectivity": 0.2}