{"reservoir_size": 1000, "spectral_radius": 0.9852576454176082, "noise_rc": 0.0, "leak_rate": 0.06241362853380669, "seed": 1234, "warmup": 800, "ridge": 1.2032545505529578e-05, "rc_connectivity": 0.1, "input_connectivity": 0.1}