{"reservoir_size": 1000, "spectral_radius": 1.1720055272731038, "noise_rc": 0.0, "leak_rate": 0.05790638399344085, "seed": 1234, "warmup": 800, "ridge": 1.0415913383428082e-05, "rc_connectivity": 0.1, "input_connectivity": 0.1}