{"reservoir_size": 1000, "spectral_radius": 1.0606398061896414, "noise_rc": 0.0, "leak_rate": 0.0999534086823567, "seed": 1234, "warmup": 800, "ridge": 1.2995902927505171e-05, "rc_connectivity": 0.1, "input_connectivity": 0.1}