{"reservoir_size": 1000, "spectral_radius": 0.9789398112106893, "noise_rc": 0.0, "leak_rate": 0.039705723652190085, "seed": 1234, "warmup": 800, "ridge": 2.465047421306035e-05, "rc_connectivity": 0.1, "input_connectivity": 0.1}