{"reservoir_size": 1000, "spectral_radius": 1.00600548241336, "noise_rc": 0.0, "leak_rate": 0.04141387618424693, "seed": 1234, "warmup": 800, "ridge": 1.8433462671407823e-05, "rc_connectivity": 0.1, "input_connectivity": 0.1}