{"reservoir_size": 1000, "spectral_radius": 0.9865948552935503, "noise_rc": 0.0, "leak_rate": 0.01391426168966362, "seed": 1234, "warmup": 800, "ridge": 2.5180497241488333e-05, "rc_connectivity": 0.1, "input_connectivity": 0.1}