{"reservoir_size": 1000, "spectral_radius": 1.023977347146716, "noise_rc": 0.0, "leak_rate": 0.052509085887209137, "seed": 1234, "warmup": 800, "ridge": 5.935967939639663e-05, "rc_connectivity": 0.1, "input_connectivity": 0.1}