{"reservoir_size": 1000, "spectral_radius": 0.989985865388837, "noise_rc": 0.0, "leak_rate": 0.057628038387247955, "seed": 1234, "warmup": 800, "ridge": 1.8698283702971153e-05, "rc_connectivity": 0.1, "input_connectivity": 0.1}