{"reservoir_size": 1000, "spectral_radius": 0.8064631371745896, "noise_rc": 0.0, "leak_rate": 0.03773322095265693, "seed": 1234, "warmup": 800, "ridge": 5.3933835687552965e-05, "rc_connectivity": 0.18163894660499152, "input_connectivity": 0.2}