{"reservoir_size": 1000, "spectral_radius": 1.017559333577595, "noise_rc": 0.0, "leak_rate": 0.048806159495748756, "seed": 1234, "warmup": 800, "ridge": 0.0001360148626613685, "rc_connectivity": 0.1, "input_connectivity": 0.1}