{"reservoir_size": 1000, "spectral_radius": 1.077687432493328, "noise_rc": 0.0, "leak_rate": 0.059458719627486764, "seed": 1234, "warmup": 800, "ridge": 5.5505980733546814e-05, "rc_connectivity": 0.1, "input_connectivity": 0.1}