{"reservoir_size": 1000, "spectral_radius": 0.9607703902840811, "noise_rc": 0.0, "leak_rate": 0.043784156063068236, "seed": 1234, "warmup": 800, "ridge": 4.0146652509487345e-05, "rc_connectivity": 0.1, "input_connectivity": 0.1}