{"reservoir_size": 1000, "spectral_radius": 1.001937485862989, "noise_rc": 0.0, "leak_rate": 0.051002538872322645, "seed": 1234, "warmup": 800, "ridge": 1.0004905360895387e-05, "rc_connectivity": 0.1, "input_connectivity": 0.1}