{"reservoir_size": 1000, "spectral_radius": 1.0113450731072982, "noise_rc": 0.0, "leak_rate": 0.002829495367659296, "seed": 1234, "warmup": 800, "ridge": 1.2572781403066222e-05, "rc_connectivity": 0.1, "input_connectivity": 0.1}