{"reservoir_size": 1000, "spectral_radius": 0.9022099701022911, "noise_rc": 0.0, "leak_rate": 0.036852805157152085, "seed": 1234, "warmup": 800, "ridge": 6.354409325599552e-05, "rc_connectivity": 0.2231065648494516, "input_connectivity": 0.2}