{"reservoir_size": 1000, "spectral_radius": 1.0923873347936885, "noise_rc": 0.0, "leak_rate": 0.0723342469129559, "seed": 1234, "warmup": 800, "ridge": 2.030957803557054e-05, "rc_connectivity": 0.1, "input_connectivity": 0.1}