{"reservoir_size": 1000, "spectral_radius": 0.9576041858665442, "noise_rc": 0.0, "leak_rate": 0.04069268172117686, "seed": 1234, "warmup": 800, "ridge": 0.00013745809202057432, "rc_connectivity": 0.1, "input_connectivity": 0.1}