{"reservoir_size": 1000, "spectral_radius": 1.0987278750128644, "noise_rc": 0.0, "leak_rate": 0.06416009583877483, "seed": 1234, "warmup": 800, "ridge": 1.2516528712473594e-05, "rc_connectivity": 0.1, "input_connectivity": 0.1}