{"reservoir_size": 1000, "spectral_radius": 1.0826308782442784, "noise_rc": 0.0, "leak_rate": 0.057256202481804526, "seed": 1234, "warmup": 800, "ridge": 1.626499486684991e-05, "rc_connectivity": 0.1, "input_connectivity": 0.1}