{"reservoir_size": 1000, "spectral_radius": 1.1288488240218038, "noise_rc": 0.0, "leak_rate": 0.03097512952619989, "seed": 1234, "warmup": 800, "ridge": 0.05750270620722101, "rc_connectivity": 0.1, "input_connectivity": 0.1}