{"reservoir_size": 1000, "spectral_radius": 1.605369164835064, "noise_rc": 0.0, "leak_rate": 0.02963948824418408, "seed": 1234, "warmup": 800, "ridge": 6.642760305097226e-05, "rc_connectivity": 0.1, "input_connectivity": 0.1}