{"reservoir_size": 1000, "spectral_radius": 1.1981006486423544, "noise_rc": 0.0, "leak_rate": 0.06136155538115745, "seed": 1234, "warmup": 800, "ridge": 1.5734647648258657e-05, "rc_connectivity": 0.1, "input_connectivity": 0.1}