{"reservoir_size": 1000, "spectral_radius": 0.9864333954203143, "noise_rc": 0.0, "leak_rate": 0.04111174941367299, "seed": 1234, "warmup": 800, "ridge": 4.2906163939549245e-05, "rc_connectivity": 0.1, "input_connectivity": 0.1}