{"reservoir_size": 1000, "spectral_radius": 1.1740514321784496, "noise_rc": 0.0, "leak_rate": 0.25490631253529306, "seed": 1234, "warmup": 800, "ridge": 1.2526500953231983e-06, "rc_connectivity": 0.9885465585394841, "input_connectivity": 0.2}