{"reservoir_size": 1000, "spectral_radius": 0.9866783742915634, "noise_rc": 0.0, "leak_rate": 0.053789314063819545, "seed": 1234, "warmup": 800, "ridge": 1.4314630398757777e-05, "rc_connectivity": 0.1, "input_connectivity": 0.1}