{"reservoir_size": 1000, "spectral_radius": 1.1084791291587863, "noise_rc": 0.0, "leak_rate": 0.04904775412184506, "seed": 1234, "warmup": 800, "ridge": 1.0015147229785605e-05, "rc_connectivity": 0.1, "input_connectivity": 0.1}