{"reservoir_size": 1000, "spectral_radius": 1.0176141408172825, "noise_rc": 0.0, "leak_rate": 0.040268129583248366, "seed": 1234, "warmup": 800, "ridge": 1.3077966514890749e-05, "rc_connectivity": 0.1, "input_connectivity": 0.1}