{"reservoir_size": 1000, "spectral_radius": 1.054078830502378, "noise_rc": 0.0, "leak_rate": 0.08522270372431547, "seed": 1234, "warmup": 800, "ridge": 1.2867506011936856e-05, "rc_connectivity": 0.1, "input_connectivity": 0.1}