{"reservoir_size": 1000, "spectral_radius": 1.1034301754842286, "noise_rc": 0.0, "leak_rate": 0.053699431496719, "seed": 1234, "warmup": 800, "ridge": 1.3142512579414525e-05, "rc_connectivity": 0.1, "input_connectivity": 0.1}