{"reservoir_size": 1000, "spectral_radius": 0.9615324777492468, "noise_rc": 0.0, "leak_rate": 0.030921079503677448, "seed": 1234, "warmup": 800, "ridge": 1.220094331384227e-05, "rc_connectivity": 0.1, "input_connectivity": 0.1}