{"reservoir_size": 1000, "spectral_radius": 1.05813707640195, "noise_rc": 0.0, "leak_rate": 0.053172751508978246, "seed": 1234, "warmup": 800, "ridge": 1.4107849777218765e-05, "rc_connectivity": 0.1, "input_connectivity": 0.1}