{"reservoir_size": 1000, "spectral_radius": 1.0011679993728888, "noise_rc": 0.0, "leak_rate": 0.077491343042342, "seed": 1234, "warmup": 800, "ridge": 0.260747094541442, "rc_connectivity": 0.1, "input_connectivity": 0.1}