{"reservoir_size": 1000, "spectral_radius": 1.0878960726344657, "noise_rc": 0.0, "leak_rate": 0.05476971212220971, "seed": 1234, "warmup": 800, "ridge": 1.9517316743136483e-05, "rc_connectivity": 0.1, "input_connectivity": 0.1}