{"reservoir_size": 1000, "spectral_radius": 1.06895149286599, "noise_rc": 0.0, "leak_rate": 0.06733853099226746, "seed": 1234, "warmup": 800, "ridge": 1.0036624017651955e-05, "rc_connectivity": 0.1, "input_connectivity": 0.1}