{"reservoir_size": 1000, "spectral_radius": 1.544995580922627, "noise_rc": 0.0, "leak_rate": 0.053560025477437344, "seed": 1234, "warmup": 800, "ridge": 2.1884482479594186e-05, "rc_connectivity": 0.1, "input_connectivity": 0.1}