{"reservoir_size": 1000, "spectral_radius": 1.1521429474383615, "noise_rc": 0.0, "leak_rate": 0.0494379242248744, "seed": 1234, "warmup": 800, "ridge": 1.562435379363972e-05, "rc_connectivity": 0.1, "input_connectivity": 0.1}