{"reservoir_size": 1000, "spectral_radius": 0.5518750063350529, "noise_rc": 0.0, "leak_rate": 0.01020680653549307, "seed": 1234, "warmup": 800, "ridge": 4.9098895956308964e-05, "rc_connectivity": 0.11355469893112904, "input_connectivity": 0.2}