{"reservoir_size": 1000, "spectral_radius": 1.142284417845466, "noise_rc": 0.0, "leak_rate": 0.018118021537524072, "seed": 1234, "warmup": 800, "ridge": 0.023943212343400872, "rc_connectivity": 0.1, "input_connectivity": 0.1}