{"reservoir_size": 1000, "spectral_radius": 0.6564453894569553, "noise_rc": 0.0, "leak_rate": 0.024102237416568698, "seed": 1234, "warmup": 800, "ridge": 3.220258588053244e-05, "rc_connectivity": 0.1, "input_connectivity": 0.1}