{"reservoir_size": 1000, "spectral_radius": 1.0506672337695289, "noise_rc": 0.0, "leak_rate": 0.042573730974290604, "seed": 1234, "warmup": 800, "ridge": 2.341013918726681e-05, "rc_connectivity": 0.1, "input_connectivity": 0.1}