{"reservoir_size": 1000, "spectral_radius": 0.9482838139866769, "noise_rc": 0.0, "leak_rate": 0.052347184496393064, "seed": 1234, "warmup": 800, "ridge": 5.719394040747042e-05, "rc_connectivity": 0.1, "input_connectivity": 0.1}