{"reservoir_size": 1000, "spectral_radius": 1.036319554582082, "noise_rc": 0.0, "leak_rate": 0.05131841132931155, "seed": 1234, "warmup": 800, "ridge": 1.438321957688483e-05, "rc_connectivity": 0.1, "input_connectivity": 0.1}