{"reservoir_size": 1000, "spectral_radius": 1.0273522637214123, "noise_rc": 0.0, "leak_rate": 0.058660251558755296, "seed": 1234, "warmup": 800, "ridge": 1.0028757231804104e-05, "rc_connectivity": 0.1, "input_connectivity": 0.1}