{"reservoir_size": 1000, "spectral_radius": 1.062014054509777, "noise_rc": 0.0, "leak_rate": 0.0016810217301931178, "seed": 1234, "warmup": 800, "ridge": 2.0530405830234806e-05, "rc_connectivity": 0.1, "input_connectivity": 0.1}