{"reservoir_size": 1000, "spectral_radius": 0.870109042901555, "noise_rc": 0.0, "leak_rate": 0.051761388225355434, "seed": 1234, "warmup": 800, "ridge": 5.073935256879624e-05, "rc_connectivity": 0.1, "input_connectivity": 0.1}