{"reservoir_size": 1000, "spectral_radius": 1.0952285397250943, "noise_rc": 0.0, "leak_rate": 0.07145387389109321, "seed": 1234, "warmup": 800, "ridge": 0.0069254379913041885, "rc_connectivity": 0.1, "input_connectivity": 0.1}