{"reservoir_size": 1000, "spectral_radius": 1.048741984981312, "noise_rc": 0.0, "leak_rate": 0.06771205908690318, "seed": 1234, "warmup": 800, "ridge": 1.649628889053785e-05, "rc_connectivity": 0.1, "input_connectivity": 0.1}