{"reservoir_size": 1000, "spectral_radius": 1.0166325262976357, "noise_rc": 0.0, "leak_rate": 0.05867829909856185, "seed": 1234, "warmup": 800, "ridge": 2.569550849023145e-05, "rc_connectivity": 0.1, "input_connectivity": 0.1}