{"reservoir_size": 1000, "spectral_radius": 1.1291734526527104, "noise_rc": 0.0, "leak_rate": 0.0633348009323014, "seed": 1234, "warmup": 800, "ridge": 2.075117510155965e-05, "rc_connectivity": 0.1, "input_connectivity": 0.1}