{"reservoir_size": 1000, "spectral_radius": 0.6848568406187947, "noise_rc": 0.0, "leak_rate": 0.00973560242155354, "seed": 1234, "warmup": 800, "ridge": 3.112940596535331e-06, "rc_connectivity": 0.0012299027991685434, "input_connectivity": 0.2}