{"reservoir_size": 1000, "spectral_radius": 1.1049687499744782, "noise_rc": 0.0, "leak_rate": 0.08021433817970498, "seed": 1234, "warmup": 800, "ridge": 1.3214231233691648e-05, "rc_connectivity": 0.1, "input_connectivity": 0.1}