{"reservoir_size": 1000, "spectral_radius": 1.0584042449803637, "noise_rc": 0.0, "leak_rate": 0.04232899119550039, "seed": 1234, "warmup": 800, "ridge": 1.005247565093698e-05, "rc_connectivity": 0.1, "input_connectivity": 0.1}