{"reservoir_size": 1000, "spectral_radius": 0.9343183932467868, "noise_rc": 0.0, "leak_rate": 0.06015574000594403, "seed": 1234, "warmup": 800, "ridge": 2.6634619985828863e-05, "rc_connectivity": 0.1, "input_connectivity": 0.1}