{"reservoir_size": 1000, "spectral_radius": 1.0310236062758105, "noise_rc": 0.0, "leak_rate": 0.05616139793828712, "seed": 1234, "warmup": 800, "ridge": 8.576886396866749e-05, "rc_connectivity": 0.1, "input_connectivity": 0.1}