{"reservoir_size": 1000, "spectral_radius": 1.083703618037114, "noise_rc": 0.0, "leak_rate": 0.06776311956498401, "seed": 1234, "warmup": 800, "ridge": 1.0006620531361057e-05, "rc_connectivity": 0.1, "input_connectivity": 0.1}