{"reservoir_size": 1000, "spectral_radius": 1.0630423625252774, "noise_rc": 0.0, "leak_rate": 0.09380443764168503, "seed": 1234, "warmup": 800, "ridge": 1.902665839850932e-05, "rc_connectivity": 0.1, "input_connectivity": 0.1}