{"reservoir_size": 1000, "spectral_radius": 1.132115591663455, "noise_rc": 0.0, "leak_rate": 0.06410431125873589, "seed": 1234, "warmup": 800, "ridge": 1.5296628305103953e-05, "rc_connectivity": 0.1, "input_connectivity": 0.1}