{"reservoir_size": 1000, "spectral_radius": 1.0092482818271005, "noise_rc": 0.0, "leak_rate": 0.02718382989223597, "seed": 1234, "warmup": 800, "ridge": 6.043426963701436e-05, "rc_connectivity": 0.1, "input_connectivity": 0.1}