{"reservoir_size": 1000, "spectral_radius": 1.0768113609767203, "noise_rc": 0.0, "leak_rate": 0.04616057980388921, "seed": 1234, "warmup": 800, "ridge": 1.4326584063140782e-05, "rc_connectivity": 0.1, "input_connectivity": 0.1}