{"reservoir_size": 1000, "spectral_radius": 1.0935023275533577, "noise_rc": 0.0, "leak_rate": 0.019577906752757782, "seed": 1234, "warmup": 800, "ridge": 6.122057479147805e-06, "rc_connectivity": 0.0014059414982138018, "input_connectivity": 0.2}