{"reservoir_size": 1000, "spectral_radius": 0.7421958000694352, "noise_rc": 0.0, "leak_rate": 0.03596439353902257, "seed": 1234, "warmup": 800, "ridge": 5.0997500393152126e-05, "rc_connectivity": 0.0815811443412636, "input_connectivity": 0.2}