{"reservoir_size": 1000, "spectral_radius": 1.0983963677522235, "noise_rc": 0.0, "leak_rate": 0.0652116083915401, "seed": 1234, "warmup": 800, "ridge": 1.8240762227727406e-05, "rc_connectivity": 0.1, "input_connectivity": 0.1}