{"reservoir_size": 1000, "spectral_radius": 1.0486899027723098, "noise_rc": 0.0, "leak_rate": 0.05457302715387001, "seed": 1234, "warmup": 800, "ridge": 1.0048491114726605e-05, "rc_connectivity": 0.1, "input_connectivity": 0.1}