{"reservoir_size": 1000, "spectral_radius": 1.4091875617205545, "noise_rc": 0.0, "leak_rate": 0.04296842827905245, "seed": 1234, "warmup": 800, "ridge": 2.9967931621593597e-05, "rc_connectivity": 0.1, "input_connectivity": 0.1}