{"reservoir_size": 1000, "spectral_radius": 0.634132041362425, "noise_rc": 0.0, "leak_rate": 0.041896884194360974, "seed": 1234, "warmup": 800, "ridge": 4.417891546714782e-05, "rc_connectivity": 0.1, "input_connectivity": 0.1}