{"reservoir_size": 1000, "spectral_radius": 0.7985370975915812, "noise_rc": 0.0, "leak_rate": 0.01981159619028351, "seed": 1234, "warmup": 800, "ridge": 1.3122667360050162e-05, "rc_connectivity": 0.44253375234999864, "input_connectivity": 0.2}