{"reservoir_size": 1000, "spectral_radius": 1.0877002167555463, "noise_rc": 0.0, "leak_rate": 0.07950227442533768, "seed": 1234, "warmup": 800, "ridge": 1.452700762980579e-05, "rc_connectivity": 0.1, "input_connectivity": 0.1}