{"reservoir_size": 1000, "spectral_radius": 0.8528032867197992, "noise_rc": 0.0, "leak_rate": 0.03128179352972175, "seed": 1234, "warmup": 800, "ridge": 3.814539823376883e-05, "rc_connectivity": 0.03688378482755938, "input_connectivity": 0.2}