{"reservoir_size": 1000, "spectral_radius": 1.04662155359124, "noise_rc": 0.0, "leak_rate": 0.03990224229316044, "seed": 1234, "warmup": 800, "ridge": 1.7921661343201062e-05, "rc_connectivity": 0.1, "input_connectivity": 0.1}