{"reservoir_size": 1000, "spectral_radius": 0.790275367942651, "noise_rc": 0.0, "leak_rate": 0.045563500988226625, "seed": 1234, "warmup": 800, "ridge": 1.5312197083827225e-06, "rc_connectivity": 0.004274879866155593, "input_connectivity": 0.2}