{"reservoir_size": 1000, "spectral_radius": 1.0862755791132856, "noise_rc": 0.0, "leak_rate": 0.059313743746371675, "seed": 1234, "warmup": 800, "ridge": 2.2238695091237453e-05, "rc_connectivity": 0.1, "input_connectivity": 0.1}