{"reservoir_size": 1000, "spectral_radius": 0.8222362826331767, "noise_rc": 0.0, "leak_rate": 0.09410085279920877, "seed": 1234, "warmup": 800, "ridge": 1.009102950541032e-05, "rc_connectivity": 0.1, "input_connectivity": 0.1}