{"reservoir_size": 1000, "spectral_radius": 1.0822855706442076, "noise_rc": 0.0, "leak_rate": 0.08764611029082632, "seed": 1234, "warmup": 800, "ridge": 1.609252249228507e-05, "rc_connectivity": 0.1, "input_connectivity": 0.1}