{"reservoir_size": 1000, "spectral_radius": 0.9933660098927198, "noise_rc": 0.0, "leak_rate": 0.04308160494384313, "seed": 1234, "warmup": 800, "ridge": 2.0212617828091522e-05, "rc_connectivity": 0.1, "input_connectivity": 0.1}