{"reservoir_size": 1000, "spectral_radius": 1.7252251878740335, "noise_rc": 0.0, "leak_rate": 0.04801607423606573, "seed": 1234, "warmup": 800, "ridge": 3.965650124898632e-05, "rc_connectivity": 0.1, "input_connectivity": 0.1}