{"reservoir_size": 1000, "spectral_radius": 1.09527228782869, "noise_rc": 0.0, "leak_rate": 0.06611807722186876, "seed": 1234, "warmup": 800, "ridge": 0.16151431642944244, "rc_connectivity": 0.1, "input_connectivity": 0.1}