{"reservoir_size": 1000, "spectral_radius": 0.45786720595632435, "noise_rc": 0.0, "leak_rate": 0.013518050274610078, "seed": 1234, "warmup": 800, "ridge": 1.5345932482570563e-05, "rc_connectivity": 0.0013747226418511932, "input_connectivity": 0.2}