{"reservoir_size": 1000, "spectral_radius": 1.0807749682485575, "noise_rc": 0.0, "leak_rate": 0.05847592425526594, "seed": 1234, "warmup": 800, "ridge": 1.6455862585503287e-05, "rc_connectivity": 0.1, "input_connectivity": 0.1}