{"reservoir_size": 1000, "spectral_radius": 1.2423516736012505, "noise_rc": 0.0, "leak_rate": 0.051961201808909306, "seed": 1234, "warmup": 800, "ridge": 1.2456834288383602e-05, "rc_connectivity": 0.1, "input_connectivity": 0.1}