{"reservoir_size": 1000, "spectral_radius": 0.9112716714169906, "noise_rc": 0.0, "leak_rate": 0.04000578065804726, "seed": 1234, "warmup": 800, "ridge": 4.5419121422013415e-05, "rc_connectivity": 0.1, "input_connectivity": 0.1}