{"reservoir_size": 1000, "spectral_radius": 1.3490003164337667, "noise_rc": 0.0, "leak_rate": 0.09535365456556028, "seed": 1234, "warmup": 800, "ridge": 0.06690723603773562, "rc_connectivity": 0.1, "input_connectivity": 0.1}