{"reservoir_size": 1000, "spectral_radius": 0.9930131596640857, "noise_rc": 0.0, "leak_rate": 0.06848021775228953, "seed": 1234, "warmup": 800, "ridge": 1.0025730366855358e-05, "rc_connectivity": 0.1, "input_connectivity": 0.1}