{"reservoir_size": 1000, "spectral_radius": 1.0141544065143944, "noise_rc": 0.0, "leak_rate": 0.03659050928525733, "seed": 1234, "warmup": 800, "ridge": 1.241275578463865e-05, "rc_connectivity": 0.1, "input_connectivity": 0.1}