{"reservoir_size": 1000, "spectral_radius": 1.101133995234359, "noise_rc": 0.0, "leak_rate": 0.061868018964708345, "seed": 1234, "warmup": 800, "ridge": 1.2264507608177598e-05, "rc_connectivity": 0.1, "input_connectivity": 0.1}