{"reservoir_size": 1000, "spectral_radius": 1.0848155838845905, "noise_rc": 0.0, "leak_rate": 0.027451054806906926, "seed": 1234, "warmup": 800, "ridge": 4.313054360151354e-05, "rc_connectivity": 0.1, "input_connectivity": 0.1}