{"reservoir_size": 1000, "spectral_radius": 0.9455039373511345, "noise_rc": 0.0, "leak_rate": 0.044180474034305826, "seed": 1234, "warmup": 800, "ridge": 3.70108520928844e-05, "rc_connectivity": 0.1, "input_connectivity": 0.1}