{"reservoir_size": 1000, "spectral_radius": 1.0863409923017104, "noise_rc": 0.0, "leak_rate": 0.05330591663366759, "seed": 1234, "warmup": 800, "ridge": 1.8562838079755838e-05, "rc_connectivity": 0.1, "input_connectivity": 0.1}