{"reservoir_size": 1000, "spectral_radius": 1.056783787859905, "noise_rc": 0.0, "leak_rate": 0.06309742620466478, "seed": 1234, "warmup": 800, "ridge": 1.1172835665984664e-05, "rc_connectivity": 0.1, "input_connectivity": 0.1}