{"reservoir_size": 1000, "spectral_radius": 0.3548076661576209, "noise_rc": 0.0, "leak_rate": 0.023417197905687272, "seed": 1234, "warmup": 800, "ridge": 3.85117558112679e-06, "rc_connectivity": 0.002351794725573903, "input_connectivity": 0.2}