{"reservoir_size": 1000, "spectral_radius": 1.3032965613014016, "noise_rc": 0.0, "leak_rate": 0.0723429162163506, "seed": 1234, "warmup": 800, "ridge": 1.1864733882280067e-05, "rc_connectivity": 0.0026399211671438555, "input_connectivity": 0.2}