{"reservoir_size": 1000, "spectral_radius": 0.6333645118288507, "noise_rc": 0.0, "leak_rate": 0.008008095945173703, "seed": 1234, "warmup": 800, "ridge": 0.11427080307184344, "rc_connectivity": 0.004137921083340637, "input_connectivity": 0.2}