{"reservoir_size": 1000, "spectral_radius": 0.6387915327323327, "noise_rc": 0.0, "leak_rate": 0.01591849918825053, "seed": 1234, "warmup": 800, "ridge": 6.051540355349571e-05, "rc_connectivity": 0.1, "input_connectivity": 0.1}