{"reservoir_size": 1000, "spectral_radius": 1.0752311933889085, "noise_rc": 0.0, "leak_rate": 0.09147492754394988, "seed": 1234, "warmup": 800, "ridge": 1.2094274097585659e-05, "rc_connectivity": 0.1, "input_connectivity": 0.1}