{"reservoir_size": 1000, "spectral_radius": 0.7845815373133721, "noise_rc": 0.0, "leak_rate": 0.06316984936401125, "seed": 1234, "warmup": 800, "ridge": 1.967018697275096e-05, "rc_connectivity": 0.1, "input_connectivity": 0.1}