{"reservoir_size": 1000, "spectral_radius": 1.0081472890888332, "noise_rc": 0.0, "leak_rate": 0.04620912546378835, "seed": 1234, "warmup": 800, "ridge": 2.3566307883692493e-05, "rc_connectivity": 0.1, "input_connectivity": 0.1}