{"reservoir_size": 1000, "spectral_radius": 1.054636667518719, "noise_rc": 0.0, "leak_rate": 0.020739171696616317, "seed": 1234, "warmup": 800, "ridge": 1.0046507234028812e-05, "rc_connectivity": 0.1, "input_connectivity": 0.1}