{"reservoir_size": 1000, "spectral_radius": 1.1480223550114668, "noise_rc": 0.0, "leak_rate": 0.03764670136747783, "seed": 1234, "warmup": 800, "ridge": 3.0761697454101394e-06, "rc_connectivity": 0.0011273022508512455, "input_connectivity": 0.2}