{"reservoir_size": 1000, "spectral_radius": 1.0391781204101853, "noise_rc": 0.0, "leak_rate": 0.0013489590062904205, "seed": 1234, "warmup": 800, "ridge": 1.0116348402930456e-05, "rc_connectivity": 0.1, "input_connectivity": 0.1}