{"reservoir_size": 1000, "spectral_radius": 1.0937617790650382, "noise_rc": 0.0, "leak_rate": 0.052202416495439816, "seed": 1234, "warmup": 800, "ridge": 3.380611460851417e-05, "rc_connectivity": 0.1, "input_connectivity": 0.1}