{"reservoir_size": 1000, "spectral_radius": 0.948557912425023, "noise_rc": 0.0, "leak_rate": 0.050253115817433545, "seed": 1234, "warmup": 800, "ridge": 0.0001530585272909004, "rc_connectivity": 0.1, "input_connectivity": 0.1}