{"reservoir_size": 1000, "spectral_radius": 1.0985521207834417, "noise_rc": 0.0, "leak_rate": 0.05212932320514212, "seed": 1234, "warmup": 800, "ridge": 1.0332546600029404e-05, "rc_connectivity": 0.1, "input_connectivity": 0.1}