{"reservoir_size": 1000, "spectral_radius": 0.9899169646973719, "noise_rc": 0.0, "leak_rate": 0.05025128821042125, "seed": 1234, "warmup": 800, "ridge": 2.1366983369852146e-05, "rc_connectivity": 0.1, "input_connectivity": 0.1}