{"reservoir_size": 1000, "spectral_radius": 1.101136302358924, "noise_rc": 0.0, "leak_rate": 0.07894885511411068, "seed": 1234, "warmup": 800, "ridge": 2.525613380143905e-05, "rc_connectivity": 0.1, "input_connectivity": 0.1}