{"reservoir_size": 1000, "spectral_radius": 0.9848400650325619, "noise_rc": 0.0, "leak_rate": 0.03301735058327597, "seed": 1234, "warmup": 800, "ridge": 1.454944618940167e-05, "rc_connectivity": 0.1, "input_connectivity": 0.1}