{"reservoir_size": 1000, "spectral_radius": 1.0301838301375097, "noise_rc": 0.0, "leak_rate": 0.06955198676037896, "seed": 1234, "warmup": 800, "ridge": 1.023334200438053e-05, "rc_connectivity": 0.1, "input_connectivity": 0.1}