{"reservoir_size": 1000, "spectral_radius": 1.009451701790883, "noise_rc": 0.0, "leak_rate": 0.06400701383131448, "seed": 1234, "warmup": 800, "ridge": 1.3211655656073973e-05, "rc_connectivity": 0.1, "input_connectivity": 0.1}