{"reservoir_size": 1000, "spectral_radius": 1.109686533127392, "noise_rc": 0.0, "leak_rate": 0.0006575200393978748, "seed": 1234, "warmup": 800, "ridge": 1.4940775084108086e-05, "rc_connectivity": 0.1, "input_connectivity": 0.1}