{"reservoir_size": 1000, "spectral_radius": 0.9969081300226952, "noise_rc": 0.0, "leak_rate": 0.056945101941156186, "seed": 1234, "warmup": 800, "ridge": 1.3111889554451146e-05, "rc_connectivity": 0.1, "input_connectivity": 0.1}