{"reservoir_size": 1000, "spectral_radius": 0.8085773104449292, "noise_rc": 0.0, "leak_rate": 0.04831998166839316, "seed": 1234, "warmup": 800, "ridge": 3.7531948901276026e-05, "rc_connectivity": 0.37142701943856066, "input_connectivity": 0.2}