{"reservoir_size": 1000, "spectral_radius": 1.0822570532495097, "noise_rc": 0.0, "leak_rate": 0.07040094636464342, "seed": 1234, "warmup": 800, "ridge": 1.232543057443175e-05, "rc_connectivity": 0.1, "input_connectivity": 0.1}