{"reservoir_size": 1000, "spectral_radius": 0.933169162189052, "noise_rc": 0.0, "leak_rate": 0.03687605832278719, "seed": 1234, "warmup": 800, "ridge": 3.576895992425678e-05, "rc_connectivity": 0.1, "input_connectivity": 0.1}