{"reservoir_size": 1000, "spectral_radius": 1.0674616388835465, "noise_rc": 0.0, "leak_rate": 0.054822154412933734, "seed": 1234, "warmup": 800, "ridge": 1.7237734943039875e-05, "rc_connectivity": 0.1, "input_connectivity": 0.1}