{"reservoir_size": 1000, "spectral_radius": 0.9473389073358432, "noise_rc": 0.0, "leak_rate": 0.03888601460564349, "seed": 1234, "warmup": 800, "ridge": 0.001578027583934034, "rc_connectivity": 0.1, "input_connectivity": 0.1}