{"reservoir_size": 1000, "spectral_radius": 1.7841253769595284, "noise_rc": 0.0, "leak_rate": 0.09597555330925882, "seed": 1234, "warmup": 800, "ridge": 0.7459012242250711, "rc_connectivity": 0.1, "input_connectivity": 0.1}