{"reservoir_size": 1000, "spectral_radius": 1.038688426130137, "noise_rc": 0.0, "leak_rate": 0.02656386809367122, "seed": 1234, "warmup": 800, "ridge": 0.013465820360998403, "rc_connectivity": 0.1, "input_connectivity": 0.1}