{"reservoir_size": 1000, "spectral_radius": 1.1305577370783018, "noise_rc": 0.0, "leak_rate": 0.06436101685835506, "seed": 1234, "warmup": 800, "ridge": 1.2823906372757535e-05, "rc_connectivity": 0.1, "input_connectivity": 0.1}