{"reservoir_size": 1000, "spectral_radius": 1.0730623907607588, "noise_rc": 0.0, "leak_rate": 0.05845398988900617, "seed": 1234, "warmup": 800, "ridge": 1.009235808054514e-05, "rc_connectivity": 0.1, "input_connectivity": 0.1}