{"reservoir_size": 1000, "spectral_radius": 0.9937745004560212, "noise_rc": 0.0, "leak_rate": 0.04349613991844582, "seed": 1234, "warmup": 800, "ridge": 1.0541353858538635e-05, "rc_connectivity": 0.1, "input_connectivity": 0.1}