{"reservoir_size": 1000, "spectral_radius": 1.1403737479569287, "noise_rc": 0.0, "leak_rate": 0.07497902745302566, "seed": 1234, "warmup": 800, "ridge": 1.2090282697584017e-05, "rc_connectivity": 0.1, "input_connectivity": 0.1}