{"reservoir_size": 1000, "spectral_radius": 0.9896498514808542, "noise_rc": 0.0, "leak_rate": 0.038476355930177494, "seed": 1234, "warmup": 800, "ridge": 1.0046918941312911e-05, "rc_connectivity": 0.1, "input_connectivity": 0.1}