{"reservoir_size": 1000, "spectral_radius": 1.1080897324970993, "noise_rc": 0.0, "leak_rate": 0.04287663776471812, "seed": 1234, "warmup": 800, "ridge": 0.0001749924930592612, "rc_connectivity": 0.1, "input_connectivity": 0.1}