{"reservoir_size": 1000, "spectral_radius": 0.9841954656549985, "noise_rc": 0.0, "leak_rate": 0.05015984440922466, "seed": 1234, "warmup": 800, "ridge": 3.235935328705954e-05, "rc_connectivity": 0.1, "input_connectivity": 0.1}