{"reservoir_size": 1000, "spectral_radius": 1.1302559664397895, "noise_rc": 0.0, "leak_rate": 0.060871672791553345, "seed": 1234, "warmup": 800, "ridge": 1.0199062293123869e-05, "rc_connectivity": 0.1, "input_connectivity": 0.1}