{"reservoir_size": 1000, "spectral_radius": 1.0619983706606146, "noise_rc": 0.0, "leak_rate": 0.031251959699568364, "seed": 1234, "warmup": 800, "ridge": 4.834816006689628e-05, "rc_connectivity": 0.1, "input_connectivity": 0.1}