{"reservoir_size": 1000, "spectral_radius": 1.7963829903620643, "noise_rc": 0.0, "leak_rate": 0.001469494661974475, "seed": 1234, "warmup": 800, "ridge": 2.661526551117035e-06, "rc_connectivity": 0.06807296244926528, "input_connectivity": 0.2}