{"reservoir_size": 1000, "spectral_radius": 0.7217695955894612, "noise_rc": 0.0, "leak_rate": 0.013667617349797422, "seed": 1234, "warmup": 800, "ridge": 6.503878003046667e-06, "rc_connectivity": 0.00571014839610887, "input_connectivity": 0.2}