{"reservoir_size": 1000, "spectral_radius": 0.9360677424758339, "noise_rc": 0.0, "leak_rate": 0.04689556302864002, "seed": 1234, "warmup": 800, "ridge": 3.751567614020427e-05, "rc_connectivity": 0.1, "input_connectivity": 0.1}