{"reservoir_size": 1000, "spectral_radius": 1.0181880785848565, "noise_rc": 0.0, "leak_rate": 0.06267064679576208, "seed": 1234, "warmup": 800, "ridge": 1.2282865251471244e-05, "rc_connectivity": 0.1, "input_connectivity": 0.1}