{"reservoir_size": 1000, "spectral_radius": 1.0315179194340165, "noise_rc": 0.0, "leak_rate": 0.04422308523205245, "seed": 1234, "warmup": 800, "ridge": 1.5816073886794692e-05, "rc_connectivity": 0.1, "input_connectivity": 0.1}