{"reservoir_size": 1000, "spectral_radius": 0.30621921214070075, "noise_rc": 0.0, "leak_rate": 0.012868974786634586, "seed": 1234, "warmup": 800, "ridge": 1.5146961243096297e-06, "rc_connectivity": 0.004866322509045696, "input_connectivity": 0.2}