{"reservoir_size": 1000, "spectral_radius": 1.0231984732994432, "noise_rc": 0.0, "leak_rate": 0.03596574633027918, "seed": 1234, "warmup": 800, "ridge": 1.7787602868349678e-05, "rc_connectivity": 0.1, "input_connectivity": 0.1}