{"reservoir_size": 1000, "spectral_radius": 0.9938911846549955, "noise_rc": 0.0, "leak_rate": 0.04893011613441644, "seed": 1234, "warmup": 800, "ridge": 1.2368128219586986e-05, "rc_connectivity": 0.1, "input_connectivity": 0.1}