{"reservoir_size": 1000, "spectral_radius": 1.0628755289309118, "noise_rc": 0.0, "leak_rate": 0.05847909529020875, "seed": 1234, "warmup": 800, "ridge": 1.4707712684259775e-05, "rc_connectivity": 0.1, "input_connectivity": 0.1}