{"reservoir_size": 1000, "spectral_radius": 0.9195239758552824, "noise_rc": 0.0, "leak_rate": 0.07303273231131814, "seed": 1234, "warmup": 800, "ridge": 2.2095378263576208e-05, "rc_connectivity": 0.1, "input_connectivity": 0.1}