{"reservoir_size": 1000, "spectral_radius": 1.1632988904540045, "noise_rc": 0.0, "leak_rate": 0.04383422363149319, "seed": 1234, "warmup": 800, "ridge": 1.4913811451028854e-05, "rc_connectivity": 0.1, "input_connectivity": 0.1}