{"reservoir_size": 1000, "spectral_radius": 1.027491562324619, "noise_rc": 0.0, "leak_rate": 0.03335074149489494, "seed": 1234, "warmup": 800, "ridge": 1.253084371863329e-05, "rc_connectivity": 0.1, "input_connectivity": 0.1}