{"reservoir_size": 1000, "spectral_radius": 1.0273396122295906, "noise_rc": 0.0, "leak_rate": 0.014115648166550011, "seed": 1234, "warmup": 800, "ridge": 0.00010946375267373526, "rc_connectivity": 0.5442296948271622, "input_connectivity": 0.2}