{"reservoir_size": 1000, "spectral_radius": 0.9774724533263267, "noise_rc": 0.0, "leak_rate": 0.03154065130877645, "seed": 1234, "warmup": 800, "ridge": 1.2256129303901686e-05, "rc_connectivity": 0.1, "input_connectivity": 0.1}