{"reservoir_size": 1000, "spectral_radius": 1.0835468218594242, "noise_rc": 0.0, "leak_rate": 0.056625069265471756, "seed": 1234, "warmup": 800, "ridge": 1.0230858200485804e-05, "rc_connectivity": 0.1, "input_connectivity": 0.1}