{"reservoir_size": 1000, "spectral_radius": 1.0293001235949326, "noise_rc": 0.0, "leak_rate": 0.038253655581782446, "seed": 1234, "warmup": 800, "ridge": 1.695373388742674e-05, "rc_connectivity": 0.1, "input_connectivity": 0.1}