{"reservoir_size": 1000, "spectral_radius": 1.0556167733261084, "noise_rc": 0.0, "leak_rate": 0.0431015988994135, "seed": 1234, "warmup": 800, "ridge": 1.0200445081734839e-05, "rc_connectivity": 0.1, "input_connectivity": 0.1}