{"reservoir_size": 1000, "spectral_radius": 1.0266776925493148, "noise_rc": 0.0, "leak_rate": 0.049195927047843264, "seed": 1234, "warmup": 800, "ridge": 1.0199888485922347e-05, "rc_connectivity": 0.1, "input_connectivity": 0.1}