{"reservoir_size": 1000, "spectral_radius": 1.2860000000865, "noise_rc": 0.0, "leak_rate": 0.06564993892766309, "seed": 1234, "warmup": 800, "ridge": 1.253130750216897e-05, "rc_connectivity": 0.1, "input_connectivity": 0.1}