{"reservoir_size": 1000, "spectral_radius": 0.8720127837860923, "noise_rc": 0.0, "leak_rate": 0.1805171901688188, "seed": 1234, "warmup": 800, "ridge": 1.4782573076631261e-05, "rc_connectivity": 0.037588280842187675, "input_connectivity": 0.2}