{"reservoir_size": 1000, "spectral_radius": 1.117632323609999, "noise_rc": 0.0, "leak_rate": 0.039769786273763104, "seed": 1234, "warmup": 800, "ridge": 1.0117225902296265e-05, "rc_connectivity": 0.1, "input_connectivity": 0.1}