{"reservoir_size": 1000, "spectral_radius": 1.1033515333830632, "noise_rc": 0.0, "leak_rate": 0.07122310700296901, "seed": 1234, "warmup": 800, "ridge": 5.093257203049911e-05, "rc_connectivity": 0.1, "input_connectivity": 0.1}