{"reservoir_size": 1000, "spectral_radius": 1.0460173007953568, "noise_rc": 0.0, "leak_rate": 0.03889883242377046, "seed": 1234, "warmup": 800, "ridge": 1.4972414010545732e-05, "rc_connectivity": 0.1, "input_connectivity": 0.1}