{"reservoir_size": 1000, "spectral_radius": 0.9724862855972951, "noise_rc": 0.0, "leak_rate": 0.04507552745737836, "seed": 1234, "warmup": 800, "ridge": 2.0706091060921202e-05, "rc_connectivity": 0.1, "input_connectivity": 0.1}