{"reservoir_size": 1000, "spectral_radius": 0.9196641717119972, "noise_rc": 0.0, "leak_rate": 0.07145812767240761, "seed": 1234, "warmup": 800, "ridge": 6.528085241210875e-05, "rc_connectivity": 0.1, "input_connectivity": 0.1}