{"reservoir_size": 1000, "spectral_radius": 1.0308531633115539, "noise_rc": 0.0, "leak_rate": 0.03541723311907619, "seed": 1234, "warmup": 800, "ridge": 4.653154461188686e-05, "rc_connectivity": 0.1, "input_connectivity": 0.1}