{"reservoir_size": 1000, "spectral_radius": 0.9757497859712508, "noise_rc": 0.0, "leak_rate": 0.04790088968599682, "seed": 1234, "warmup": 800, "ridge": 2.8017227210543053e-05, "rc_connectivity": 0.1, "input_connectivity": 0.1}