{"reservoir_size": 1000, "spectral_radius": 1.0641229564727948, "noise_rc": 0.0, "leak_rate": 0.06259338236924954, "seed": 1234, "warmup": 800, "ridge": 1.3151954794492313e-05, "rc_connectivity": 0.1, "input_connectivity": 0.1}