{"reservoir_size": 1000, "spectral_radius": 1.089973132078373, "noise_rc": 0.0, "leak_rate": 0.038359945374368265, "seed": 1234, "warmup": 800, "ridge": 1.8659332730485195e-05, "rc_connectivity": 0.1, "input_connectivity": 0.1}