{"reservoir_size": 1000, "spectral_radius": 1.0297876586276256, "noise_rc": 0.0, "leak_rate": 0.06741311454271881, "seed": 1234, "warmup": 800, "ridge": 2.077105388553676e-05, "rc_connectivity": 0.1, "input_connectivity": 0.1}