{"reservoir_size": 1000, "spectral_radius": 1.0432018837888344, "noise_rc": 0.0, "leak_rate": 0.0637501598166053, "seed": 1234, "warmup": 800, "ridge": 0.00025800014726288806, "rc_connectivity": 0.1, "input_connectivity": 0.1}