{"reservoir_size": 1000, "spectral_radius": 1.0351582511131445, "noise_rc": 0.0, "leak_rate": 0.04087192572495088, "seed": 1234, "warmup": 800, "ridge": 1.3461118507371288e-05, "rc_connectivity": 0.1, "input_connectivity": 0.1}