{"reservoir_size": 1000, "spectral_radius": 0.9634372787277139, "noise_rc": 0.0, "leak_rate": 0.03839471913749653, "seed": 1234, "warmup": 800, "ridge": 1.739180283570245e-05, "rc_connectivity": 0.1, "input_connectivity": 0.1}