{"reservoir_size": 1000, "spectral_radius": 1.1581308607321221, "noise_rc": 0.0, "leak_rate": 0.04536562848240489, "seed": 1234, "warmup": 800, "ridge": 1.3918780603111292e-05, "rc_connectivity": 0.1, "input_connectivity": 0.1}