{"reservoir_size": 1000, "spectral_radius": 1.1450586374306735, "noise_rc": 0.0, "leak_rate": 0.051158481654048675, "seed": 1234, "warmup": 800, "ridge": 1.755113365462084e-05, "rc_connectivity": 0.1, "input_connectivity": 0.1}