{"reservoir_size": 1000, "spectral_radius": 1.024809737112259, "noise_rc": 0.0, "leak_rate": 0.04720196582430402, "seed": 1234, "warmup": 800, "ridge": 1.2300182582313606e-05, "rc_connectivity": 0.1, "input_connectivity": 0.1}