{"reservoir_size": 1000, "spectral_radius": 1.0513334223721775, "noise_rc": 0.0, "leak_rate": 0.06614972624175998, "seed": 1234, "warmup": 800, "ridge": 1.2860580967503804e-05, "rc_connectivity": 0.1, "input_connectivity": 0.1}