{"reservoir_size": 1000, "spectral_radius": 1.2833109616983018, "noise_rc": 0.0, "leak_rate": 0.0642928593003445, "seed": 1234, "warmup": 800, "ridge": 1.330673562113172e-05, "rc_connectivity": 0.1, "input_connectivity": 0.1}