{"reservoir_size": 1000, "spectral_radius": 1.3479175067169236, "noise_rc": 0.0, "leak_rate": 0.034087838254218884, "seed": 1234, "warmup": 800, "ridge": 1.4381259720194822e-05, "rc_connectivity": 0.1, "input_connectivity": 0.1}