{"reservoir_size": 1000, "spectral_radius": 1.081782510757096, "noise_rc": 0.0, "leak_rate": 0.04916754181763478, "seed": 1234, "warmup": 800, "ridge": 2.452277728107371e-05, "rc_connectivity": 0.1, "input_connectivity": 0.1}