{"reservoir_size": 1000, "spectral_radius": 1.101779359231106, "noise_rc": 0.0, "leak_rate": 0.042566769930913934, "seed": 1234, "warmup": 800, "ridge": 1.2271192765634965e-05, "rc_connectivity": 0.1, "input_connectivity": 0.1}