{"reservoir_size": 1000, "spectral_radius": 1.047371282806629, "noise_rc": 0.0, "leak_rate": 0.0723155264124955, "seed": 1234, "warmup": 800, "ridge": 2.0449665891487485e-05, "rc_connectivity": 0.1, "input_connectivity": 0.1}