{"reservoir_size": 1000, "spectral_radius": 1.0221345793136125, "noise_rc": 0.0, "leak_rate": 0.08162440840225434, "seed": 1234, "warmup": 800, "ridge": 1.0110490809431632e-05, "rc_connectivity": 0.1, "input_connectivity": 0.1}