{"reservoir_size": 1000, "spectral_radius": 1.0675115778677624, "noise_rc": 0.0, "leak_rate": 0.18255089772609429, "seed": 1234, "warmup": 800, "ridge": 1.5903619178165635e-05, "rc_connectivity": 0.2120914269767825, "input_connectivity": 0.2}