{"reservoir_size": 1000, "spectral_radius": 1.184966601132357, "noise_rc": 0.0, "leak_rate": 0.049879415204916816, "seed": 1234, "warmup": 800, "ridge": 7.140033990759755e-05, "rc_connectivity": 0.1, "input_connectivity": 0.1}