{"reservoir_size": 1000, "spectral_radius": 0.8033082842745181, "noise_rc": 0.0, "leak_rate": 0.02665232136024924, "seed": 1234, "warmup": 800, "ridge": 9.021895925710968e-05, "rc_connectivity": 0.1, "input_connectivity": 0.1}