{"reservoir_size": 1000, "spectral_radius": 1.1290465818589883, "noise_rc": 0.0, "leak_rate": 0.04444321103336516, "seed": 1234, "warmup": 800, "ridge": 2.3396726459069933e-05, "rc_connectivity": 0.1, "input_connectivity": 0.1}