{"reservoir_size": 1000, "spectral_radius": 1.0375834984536638, "noise_rc": 0.0, "leak_rate": 0.051657958702678246, "seed": 1234, "warmup": 800, "ridge": 1.4348215818150955e-05, "rc_connectivity": 0.1, "input_connectivity": 0.1}