{"reservoir_size": 1000, "spectral_radius": 1.0060139073607082, "noise_rc": 0.0, "leak_rate": 0.06404538012432197, "seed": 1234, "warmup": 800, "ridge": 1.5579998226484383e-05, "rc_connectivity": 0.1, "input_connectivity": 0.1}