{"reservoir_size": 1000, "spectral_radius": 0.7626643765547465, "noise_rc": 0.0, "leak_rate": 0.051413381938513046, "seed": 1234, "warmup": 800, "ridge": 1.0054920822270072e-05, "rc_connectivity": 0.1, "input_connectivity": 0.1}