{"reservoir_size": 1000, "spectral_radius": 0.8987757825635172, "noise_rc": 0.0, "leak_rate": 0.040600010832475684, "seed": 1234, "warmup": 800, "ridge": 1.4586436629835399e-05, "rc_connectivity": 0.1, "input_connectivity": 0.1}