{"reservoir_size": 1000, "spectral_radius": 0.9839676188736164, "noise_rc": 0.0, "leak_rate": 0.04638741242164824, "seed": 1234, "warmup": 800, "ridge": 1.580289288666839e-05, "rc_connectivity": 0.1, "input_connectivity": 0.1}