{"reservoir_size": 1000, "spectral_radius": 0.9776655881843551, "noise_rc": 0.0, "leak_rate": 0.0565394761347653, "seed": 1234, "warmup": 800, "ridge": 0.00010393756569597579, "rc_connectivity": 0.1, "input_connectivity": 0.1}