{"reservoir_size": 1000, "spectral_radius": 0.9310274509263625, "noise_rc": 0.0, "leak_rate": 0.04254490725580052, "seed": 1234, "warmup": 800, "ridge": 2.7890874259332526e-05, "rc_connectivity": 0.1, "input_connectivity": 0.1}