{"reservoir_size": 1000, "spectral_radius": 0.8262381694086586, "noise_rc": 0.0, "leak_rate": 0.03617011880081698, "seed": 1234, "warmup": 800, "ridge": 1.861681538430935e-05, "rc_connectivity": 0.0050369580745608855, "input_connectivity": 0.2}