{"reservoir_size": 1000, "spectral_radius": 0.7939142583100305, "noise_rc": 0.0, "leak_rate": 0.05831219215495479, "seed": 1234, "warmup": 800, "ridge": 1.1674521698386282e-05, "rc_connectivity": 0.1, "input_connectivity": 0.1}