{"reservoir_size": 1000, "spectral_radius": 1.0347223841248752, "noise_rc": 0.0, "leak_rate": 0.05150956107131881, "seed": 1234, "warmup": 800, "ridge": 1.0103850852320693e-05, "rc_connectivity": 0.1, "input_connectivity": 0.1}