{"reservoir_size": 1000, "spectral_radius": 0.6829908506525805, "noise_rc": 0.0, "leak_rate": 0.07943234999620613, "seed": 1234, "warmup": 800, "ridge": 1.07340599126472e-05, "rc_connectivity": 0.1, "input_connectivity": 0.1}