{"reservoir_size": 1000, "spectral_radius": 1.1049586456290343, "noise_rc": 0.0, "leak_rate": 0.05069554302397182, "seed": 1234, "warmup": 800, "ridge": 0.022540640014158043, "rc_connectivity": 0.1, "input_connectivity": 0.1}