{"reservoir_size": 1000, "spectral_radius": 1.0622935720166864, "noise_rc": 0.0, "leak_rate": 0.05329724029663789, "seed": 1234, "warmup": 800, "ridge": 0.5980566109704823, "rc_connectivity": 0.1, "input_connectivity": 0.1}