{"reservoir_size": 1000, "spectral_radius": 1.10515717129274, "noise_rc": 0.0, "leak_rate": 0.0004349269102508972, "seed": 1234, "warmup": 800, "ridge": 1.0077038104341687e-05, "rc_connectivity": 0.1, "input_connectivity": 0.1}