{"reservoir_size": 1000, "spectral_radius": 0.6371952684944266, "noise_rc": 0.0, "leak_rate": 0.04340961018716767, "seed": 1234, "warmup": 800, "ridge": 6.85238018833493e-05, "rc_connectivity": 0.1, "input_connectivity": 0.1}