{"reservoir_size": 1000, "spectral_radius": 1.0319108967161996, "noise_rc": 0.0, "leak_rate": 0.08037294008988506, "seed": 1234, "warmup": 800, "ridge": 2.8969303001437312e-05, "rc_connectivity": 0.1, "input_connectivity": 0.1}