{"reservoir_size": 1000, "spectral_radius": 1.1978837912381, "noise_rc": 0.0, "leak_rate": 0.09031815117503479, "seed": 1234, "warmup": 800, "ridge": 0.027965475930174306, "rc_connectivity": 0.1, "input_connectivity": 0.1}