{"reservoir_size": 1000, "spectral_radius": 0.7274060491337143, "noise_rc": 0.0, "leak_rate": 0.0022759588947467357, "seed": 1234, "warmup": 800, "ridge": 3.323031709586844e-05, "rc_connectivity": 0.011452360743116183, "input_connectivity": 0.2}