{"reservoir_size": 1000, "spectral_radius": 0.9480117272918556, "noise_rc": 0.0, "leak_rate": 0.05294293421589782, "seed": 1234, "warmup": 800, "ridge": 1.409227133064291e-05, "rc_connectivity": 0.1, "input_connectivity": 0.1}