{"reservoir_size": 1000, "spectral_radius": 1.004621861558191, "noise_rc": 0.0, "leak_rate": 0.010539550647379783, "seed": 1234, "warmup": 800, "ridge": 1.2171591068126078e-05, "rc_connectivity": 0.1, "input_connectivity": 0.1}