{"reservoir_size": 1000, "spectral_radius": 0.9948748000697752, "noise_rc": 0.0, "leak_rate": 0.04533357294455937, "seed": 1234, "warmup": 800, "ridge": 1.0078662744407626e-05, "rc_connectivity": 0.1, "input_connectivity": 0.1}