{"reservoir_size": 1000, "spectral_radius": 1.022369694478374, "noise_rc": 0.0, "leak_rate": 0.00027996926390522637, "seed": 1234, "warmup": 800, "ridge": 1.0185823050140864e-05, "rc_connectivity": 0.1, "input_connectivity": 0.1}