{"reservoir_size": 1000, "spectral_radius": 1.42042606720814, "noise_rc": 0.0, "leak_rate": 0.1881132766792505, "seed": 1234, "warmup": 800, "ridge": 0.01657923679822478, "rc_connectivity": 0.28303366897971727, "input_connectivity": 0.2}