{"reservoir_size": 1000, "spectral_radius": 0.3731626540867805, "noise_rc": 0.0, "leak_rate": 0.011447236851707872, "seed": 1234, "warmup": 800, "ridge": 6.357680132501319e-06, "rc_connectivity": 0.0027057228788589125, "input_connectivity": 0.2}