{"reservoir_size": 1000, "spectral_radius": 0.9710837906418294, "noise_rc": 0.0, "leak_rate": 0.04631186043184389, "seed": 1234, "warmup": 800, "ridge": 1.8197393681684934e-05, "rc_connectivity": 0.1, "input_connectivity": 0.1}