{"reservoir_size": 1000, "spectral_radius": 0.7024525218140826, "noise_rc": 0.0, "leak_rate": 0.03996230595677135, "seed": 1234, "warmup": 800, "ridge": 1.2470549765087667e-05, "rc_connectivity": 0.1, "input_connectivity": 0.1}