{"reservoir_size": 1000, "spectral_radius": 0.9654045066315351, "noise_rc": 0.0, "leak_rate": 0.04587187470555322, "seed": 1234, "warmup": 800, "ridge": 2.094867063272668e-05, "rc_connectivity": 0.1, "input_connectivity": 0.1}