{"reservoir_size": 1000, "spectral_radius": 0.9801589797221986, "noise_rc": 0.0, "leak_rate": 0.036129212078089445, "seed": 1234, "warmup": 800, "ridge": 1.008251296372287e-05, "rc_connectivity": 0.1, "input_connectivity": 0.1}