{"reservoir_size": 1000, "spectral_radius": 1.0976953133669352, "noise_rc": 0.0, "leak_rate": 0.004792736703864182, "seed": 1234, "warmup": 800, "ridge": 1.4462368075247866e-05, "rc_connectivity": 0.1, "input_connectivity": 0.1}