{"reservoir_size": 1000, "spectral_radius": 1.075404683003116, "noise_rc": 0.0, "leak_rate": 0.05321398457339941, "seed": 1234, "warmup": 800, "ridge": 0.0004466672887014834, "rc_connectivity": 0.1, "input_connectivity": 0.1}