{"reservoir_size": 1000, "spectral_radius": 1.0019155713506396, "noise_rc": 0.0, "leak_rate": 0.03462639293534889, "seed": 1234, "warmup": 800, "ridge": 1.3298150797754252e-05, "rc_connectivity": 0.014442357145615975, "input_connectivity": 0.2}