{"reservoir_size": 1000, "spectral_radius": 1.0074601643643426, "noise_rc": 0.0, "leak_rate": 0.04337171433369234, "seed": 1234, "warmup": 800, "ridge": 1.8298150441151785e-05, "rc_connectivity": 0.1, "input_connectivity": 0.1}