{"reservoir_size": 1000, "spectral_radius": 1.1560178142159205, "noise_rc": 0.0, "leak_rate": 0.05831524308605669, "seed": 1234, "warmup": 800, "ridge": 1.4751028095966444e-05, "rc_connectivity": 0.1, "input_connectivity": 0.1}