{"reservoir_size": 1000, "spectral_radius": 1.1403378105255508, "noise_rc": 0.0, "leak_rate": 0.05612966646897591, "seed": 1234, "warmup": 800, "ridge": 0.03014177300067188, "rc_connectivity": 0.1, "input_connectivity": 0.1}