{"reservoir_size": 1000, "spectral_radius": 1.0043366548956674, "noise_rc": 0.0, "leak_rate": 0.03527740004025887, "seed": 1234, "warmup": 800, "ridge": 1.5041740611598931e-05, "rc_connectivity": 0.1, "input_connectivity": 0.1}