{"reservoir_size": 1000, "spectral_radius": 1.0774823014088393, "noise_rc": 0.0, "leak_rate": 0.0634992425506595, "seed": 1234, "warmup": 800, "ridge": 1.972026924663381e-05, "rc_connectivity": 0.1, "input_connectivity": 0.1}