{"reservoir_size": 1000, "spectral_radius": 0.3131510424547081, "noise_rc": 0.0, "leak_rate": 0.02263473310018097, "seed": 1234, "warmup": 800, "ridge": 3.513947880786534e-06, "rc_connectivity": 0.004435592213460577, "input_connectivity": 0.2}