{"reservoir_size": 1000, "spectral_radius": 1.0717856026168098, "noise_rc": 0.0, "leak_rate": 0.04383675270422935, "seed": 1234, "warmup": 800, "ridge": 0.00013120176930909408, "rc_connectivity": 0.1, "input_connectivity": 0.1}