{"reservoir_size": 1000, "spectral_radius": 1.0964022676570775, "noise_rc": 0.0, "leak_rate": 0.06024061353206881, "seed": 1234, "warmup": 800, "ridge": 1.8911998095352273e-05, "rc_connectivity": 0.1, "input_connectivity": 0.1}