{"reservoir_size": 1000, "spectral_radius": 0.5375628203610509, "noise_rc": 0.0, "leak_rate": 0.07869918910821135, "seed": 1234, "warmup": 800, "ridge": 1.0423762763541126e-06, "rc_connectivity": 0.006907144738558634, "input_connectivity": 0.2}