{"reservoir_size": 1000, "spectral_radius": 0.9570010676107061, "noise_rc": 0.0, "leak_rate": 0.06719794304411791, "seed": 1234, "warmup": 800, "ridge": 2.5272587992592432e-05, "rc_connectivity": 0.1, "input_connectivity": 0.1}