{"reservoir_size": 1000, "spectral_radius": 1.131766994008534, "noise_rc": 0.0, "leak_rate": 0.052494316058947964, "seed": 1234, "warmup": 800, "ridge": 5.966398325495675e-06, "rc_connectivity": 0.009735431201114595, "input_connectivity": 0.2}