{"reservoir_size": 1000, "spectral_radius": 1.0931240559607278, "noise_rc": 0.0, "leak_rate": 0.02960857594648101, "seed": 1234, "warmup": 800, "ridge": 8.916259992453338e-06, "rc_connectivity": 0.14097020455518877, "input_connectivity": 0.2}