{"reservoir_size": 1000, "spectral_radius": 1.0151062697751658, "noise_rc": 0.0, "leak_rate": 0.0333189132326686, "seed": 1234, "warmup": 800, "ridge": 1.8388430594649378e-05, "rc_connectivity": 0.1, "input_connectivity": 0.1}