{"reservoir_size": 1000, "spectral_radius": 0.9236251888863363, "noise_rc": 0.0, "leak_rate": 0.03782478523608491, "seed": 1234, "warmup": 800, "ridge": 2.921823835717572e-05, "rc_connectivity": 0.1, "input_connectivity": 0.1}