{"reservoir_size": 1000, "spectral_radius": 0.850283350825789, "noise_rc": 0.0, "leak_rate": 0.07935398501579319, "seed": 1234, "warmup": 800, "ridge": 1.166996155220268e-05, "rc_connectivity": 0.1, "input_connectivity": 0.1}