{"reservoir_size": 1000, "spectral_radius": 0.9003036804581304, "noise_rc": 0.0, "leak_rate": 0.08605472636079249, "seed": 1234, "warmup": 800, "ridge": 2.094206388093722e-05, "rc_connectivity": 0.1, "input_connectivity": 0.1}