{"reservoir_size": 1000, "spectral_radius": 0.999021221040305, "noise_rc": 0.0, "leak_rate": 0.05138215951597361, "seed": 1234, "warmup": 800, "ridge": 1.499349774012949e-05, "rc_connectivity": 0.1, "input_connectivity": 0.1}