{"reservoir_size": 1000, "spectral_radius": 0.9987457257612689, "noise_rc": 0.0, "leak_rate": 0.05165087171802325, "seed": 1234, "warmup": 800, "ridge": 3.949581068791616e-05, "rc_connectivity": 0.1, "input_connectivity": 0.1}