{"reservoir_size": 1000, "spectral_radius": 1.011028461205013, "noise_rc": 0.0, "leak_rate": 0.0500052336798129, "seed": 1234, "warmup": 800, "ridge": 2.552438592620482e-05, "rc_connectivity": 0.1, "input_connectivity": 0.1}