{"reservoir_size": 1000, "spectral_radius": 1.1466595199537377, "noise_rc": 0.0, "leak_rate": 0.001239964011884648, "seed": 1234, "warmup": 800, "ridge": 2.2293269504206774e-05, "rc_connectivity": 0.1, "input_connectivity": 0.1}