{"reservoir_size": 1000, "spectral_radius": 0.9719541975187794, "noise_rc": 0.0, "leak_rate": 0.054826372707450666, "seed": 1234, "warmup": 800, "ridge": 2.7692761318315212e-05, "rc_connectivity": 0.1, "input_connectivity": 0.1}