{"reservoir_size": 1000, "spectral_radius": 1.1469594161637575, "noise_rc": 0.0, "leak_rate": 0.0003069475486134117, "seed": 1234, "warmup": 800, "ridge": 1.807108678411484e-05, "rc_connectivity": 0.1, "input_connectivity": 0.1}