{"reservoir_size": 1000, "spectral_radius": 1.0345445776844397, "noise_rc": 0.0, "leak_rate": 0.05804578158697896, "seed": 1234, "warmup": 800, "ridge": 1.2357078145078555e-05, "rc_connectivity": 0.1, "input_connectivity": 0.1}